{"timestamp":"2026-07-24T16:25:38.546954Z","level":"info","event":"Filling up the DagBag from /opt/airflow/dags/orchestrate.py","logger":"airflow.dag_processing.dagbag.BundleDagBag","filename":"dagbag.py","lineno":460}
{"timestamp":"2026-07-24T16:25:39.780581Z","level":"warning","event":"The `airflow.operators.bash.BashOperator` attribute is deprecated. Please use `'airflow.providers.standard.operators.bash.BashOperator'`.","category":"UserWarning","filename":"/opt/airflow/dags/orchestrate.py","lineno":3,"logger":"py.warnings"}
{"timestamp":"2026-07-24T16:26:10.111194Z","level":"info","event":"Filling up the DagBag from /opt/airflow/dags/orchestrate.py","logger":"airflow.dag_processing.dagbag.BundleDagBag","filename":"dagbag.py","lineno":460}
{"timestamp":"2026-07-24T16:26:11.006392Z","level":"warning","event":"The `airflow.operators.bash.BashOperator` attribute is deprecated. Please use `'airflow.providers.standard.operators.bash.BashOperator'`.","category":"UserWarning","filename":"/opt/airflow/dags/orchestrate.py","lineno":3,"logger":"py.warnings"}
{"timestamp":"2026-07-24T16:26:41.380484Z","level":"info","event":"Filling up the DagBag from /opt/airflow/dags/orchestrate.py","logger":"airflow.dag_processing.dagbag.BundleDagBag","filename":"dagbag.py","lineno":460}
{"timestamp":"2026-07-24T16:26:42.245828Z","level":"warning","event":"The `airflow.operators.bash.BashOperator` attribute is deprecated. Please use `'airflow.providers.standard.operators.bash.BashOperator'`.","category":"UserWarning","filename":"/opt/airflow/dags/orchestrate.py","lineno":3,"logger":"py.warnings"}
{"timestamp":"2026-07-24T16:27:12.637291Z","level":"info","event":"Filling up the DagBag from /opt/airflow/dags/orchestrate.py","logger":"airflow.dag_processing.dagbag.BundleDagBag","filename":"dagbag.py","lineno":460}
{"timestamp":"2026-07-24T16:27:13.467657Z","level":"warning","event":"The `airflow.operators.bash.BashOperator` attribute is deprecated. Please use `'airflow.providers.standard.operators.bash.BashOperator'`.","category":"UserWarning","filename":"/opt/airflow/dags/orchestrate.py","lineno":3,"logger":"py.warnings"}
{"timestamp":"2026-07-24T16:27:43.849951Z","level":"info","event":"Filling up the DagBag from /opt/airflow/dags/orchestrate.py","logger":"airflow.dag_processing.dagbag.BundleDagBag","filename":"dagbag.py","lineno":460}
{"timestamp":"2026-07-24T16:27:44.652840Z","level":"warning","event":"The `airflow.operators.bash.BashOperator` attribute is deprecated. Please use `'airflow.providers.standard.operators.bash.BashOperator'`.","category":"UserWarning","filename":"/opt/airflow/dags/orchestrate.py","lineno":3,"logger":"py.warnings"}
{"timestamp":"2026-07-24T16:28:15.145979Z","level":"info","event":"Filling up the DagBag from /opt/airflow/dags/orchestrate.py","logger":"airflow.dag_processing.dagbag.BundleDagBag","filename":"dagbag.py","lineno":460}
{"timestamp":"2026-07-24T16:28:16.026976Z","level":"warning","event":"The `airflow.operators.bash.BashOperator` attribute is deprecated. Please use `'airflow.providers.standard.operators.bash.BashOperator'`.","category":"UserWarning","filename":"/opt/airflow/dags/orchestrate.py","lineno":3,"logger":"py.warnings"}
{"timestamp":"2026-07-24T16:28:46.608711Z","level":"info","event":"Filling up the DagBag from /opt/airflow/dags/orchestrate.py","logger":"airflow.dag_processing.dagbag.BundleDagBag","filename":"dagbag.py","lineno":460}
{"timestamp":"2026-07-24T16:28:47.547404Z","level":"warning","event":"The `airflow.operators.bash.BashOperator` attribute is deprecated. Please use `'airflow.providers.standard.operators.bash.BashOperator'`.","category":"UserWarning","filename":"/opt/airflow/dags/orchestrate.py","lineno":3,"logger":"py.warnings"}
{"timestamp":"2026-07-24T16:29:02.798954Z","level":"info","event":"Filling up the DagBag from /opt/airflow/dags/orchestrate.py","logger":"airflow.dag_processing.dagbag.BundleDagBag","filename":"dagbag.py","lineno":460}
{"timestamp":"2026-07-24T16:29:03.651100Z","level":"warning","event":"The `airflow.operators.bash.BashOperator` attribute is deprecated. Please use `'airflow.providers.standard.operators.bash.BashOperator'`.","category":"UserWarning","filename":"/opt/airflow/dags/orchestrate.py","lineno":3,"logger":"py.warnings"}
{"timestamp":"2026-07-24T16:29:28.948281Z","level":"info","event":"Filling up the DagBag from /opt/airflow/dags/orchestrate.py","logger":"airflow.dag_processing.dagbag.BundleDagBag","filename":"dagbag.py","lineno":460}
{"timestamp":"2026-07-24T16:29:29.754794Z","level":"warning","event":"The `airflow.operators.bash.BashOperator` attribute is deprecated. Please use `'airflow.providers.standard.operators.bash.BashOperator'`.","category":"UserWarning","filename":"/opt/airflow/dags/orchestrate.py","lineno":3,"logger":"py.warnings"}
{"timestamp":"2026-07-24T16:30:00.066767Z","level":"info","event":"Filling up the DagBag from /opt/airflow/dags/orchestrate.py","logger":"airflow.dag_processing.dagbag.BundleDagBag","filename":"dagbag.py","lineno":460}
{"timestamp":"2026-07-24T16:30:00.947058Z","level":"warning","event":"The `airflow.operators.bash.BashOperator` attribute is deprecated. Please use `'airflow.providers.standard.operators.bash.BashOperator'`.","category":"UserWarning","filename":"/opt/airflow/dags/orchestrate.py","lineno":3,"logger":"py.warnings"}
{"timestamp":"2026-07-24T16:30:31.265248Z","level":"info","event":"Filling up the DagBag from /opt/airflow/dags/orchestrate.py","logger":"airflow.dag_processing.dagbag.BundleDagBag","filename":"dagbag.py","lineno":460}
{"timestamp":"2026-07-24T16:30:32.049713Z","level":"warning","event":"The `airflow.operators.bash.BashOperator` attribute is deprecated. Please use `'airflow.providers.standard.operators.bash.BashOperator'`.","category":"UserWarning","filename":"/opt/airflow/dags/orchestrate.py","lineno":3,"logger":"py.warnings"}
{"timestamp":"2026-07-24T16:31:02.458149Z","level":"info","event":"Filling up the DagBag from /opt/airflow/dags/orchestrate.py","logger":"airflow.dag_processing.dagbag.BundleDagBag","filename":"dagbag.py","lineno":460}
{"timestamp":"2026-07-24T16:31:03.261253Z","level":"warning","event":"The `airflow.operators.bash.BashOperator` attribute is deprecated. Please use `'airflow.providers.standard.operators.bash.BashOperator'`.","category":"UserWarning","filename":"/opt/airflow/dags/orchestrate.py","lineno":3,"logger":"py.warnings"}
{"timestamp":"2026-07-24T16:31:33.644430Z","level":"info","event":"Filling up the DagBag from /opt/airflow/dags/orchestrate.py","logger":"airflow.dag_processing.dagbag.BundleDagBag","filename":"dagbag.py","lineno":460}
{"timestamp":"2026-07-24T16:31:34.504620Z","level":"warning","event":"The `airflow.operators.bash.BashOperator` attribute is deprecated. Please use `'airflow.providers.standard.operators.bash.BashOperator'`.","category":"UserWarning","filename":"/opt/airflow/dags/orchestrate.py","lineno":3,"logger":"py.warnings"}
{"timestamp":"2026-07-24T16:32:04.795680Z","level":"info","event":"Filling up the DagBag from /opt/airflow/dags/orchestrate.py","logger":"airflow.dag_processing.dagbag.BundleDagBag","filename":"dagbag.py","lineno":460}
{"timestamp":"2026-07-24T16:32:05.573174Z","level":"warning","event":"The `airflow.operators.bash.BashOperator` attribute is deprecated. Please use `'airflow.providers.standard.operators.bash.BashOperator'`.","category":"UserWarning","filename":"/opt/airflow/dags/orchestrate.py","lineno":3,"logger":"py.warnings"}
{"timestamp":"2026-07-24T16:32:35.891563Z","level":"info","event":"Filling up the DagBag from /opt/airflow/dags/orchestrate.py","logger":"airflow.dag_processing.dagbag.BundleDagBag","filename":"dagbag.py","lineno":460}
{"timestamp":"2026-07-24T16:32:36.704853Z","level":"warning","event":"The `airflow.operators.bash.BashOperator` attribute is deprecated. Please use `'airflow.providers.standard.operators.bash.BashOperator'`.","category":"UserWarning","filename":"/opt/airflow/dags/orchestrate.py","lineno":3,"logger":"py.warnings"}
{"timestamp":"2026-07-24T16:33:07.017528Z","level":"info","event":"Filling up the DagBag from /opt/airflow/dags/orchestrate.py","logger":"airflow.dag_processing.dagbag.BundleDagBag","filename":"dagbag.py","lineno":460}
{"timestamp":"2026-07-24T16:33:07.805709Z","level":"warning","event":"The `airflow.operators.bash.BashOperator` attribute is deprecated. Please use `'airflow.providers.standard.operators.bash.BashOperator'`.","category":"UserWarning","filename":"/opt/airflow/dags/orchestrate.py","lineno":3,"logger":"py.warnings"}
{"timestamp":"2026-07-24T16:33:38.080381Z","level":"info","event":"Filling up the DagBag from /opt/airflow/dags/orchestrate.py","logger":"airflow.dag_processing.dagbag.BundleDagBag","filename":"dagbag.py","lineno":460}
{"timestamp":"2026-07-24T16:33:39.002877Z","level":"warning","event":"The `airflow.operators.bash.BashOperator` attribute is deprecated. Please use `'airflow.providers.standard.operators.bash.BashOperator'`.","category":"UserWarning","filename":"/opt/airflow/dags/orchestrate.py","lineno":3,"logger":"py.warnings"}
{"timestamp":"2026-07-24T16:34:09.341533Z","level":"info","event":"Filling up the DagBag from /opt/airflow/dags/orchestrate.py","logger":"airflow.dag_processing.dagbag.BundleDagBag","filename":"dagbag.py","lineno":460}
{"timestamp":"2026-07-24T16:34:10.178786Z","level":"warning","event":"The `airflow.operators.bash.BashOperator` attribute is deprecated. Please use `'airflow.providers.standard.operators.bash.BashOperator'`.","category":"UserWarning","filename":"/opt/airflow/dags/orchestrate.py","lineno":3,"logger":"py.warnings"}
{"timestamp":"2026-07-24T16:34:40.492833Z","level":"info","event":"Filling up the DagBag from /opt/airflow/dags/orchestrate.py","logger":"airflow.dag_processing.dagbag.BundleDagBag","filename":"dagbag.py","lineno":460}
{"timestamp":"2026-07-24T16:34:41.280501Z","level":"warning","event":"The `airflow.operators.bash.BashOperator` attribute is deprecated. Please use `'airflow.providers.standard.operators.bash.BashOperator'`.","category":"UserWarning","filename":"/opt/airflow/dags/orchestrate.py","lineno":3,"logger":"py.warnings"}
{"timestamp":"2026-07-24T16:34:51.467908Z","level":"info","event":"Filling up the DagBag from /opt/airflow/dags/orchestrate.py","logger":"airflow.dag_processing.dagbag.BundleDagBag","filename":"dagbag.py","lineno":460}
{"timestamp":"2026-07-24T16:34:52.268041Z","level":"error","event":"Failed to import: /opt/airflow/dags/orchestrate.py","logger":"airflow.dag_processing.importers.python_importer","filename":"python_importer.py","lineno":244,"error_detail":[{"exc_type":"NameError","exc_value":"name 'source_freshness' is not defined","exc_notes":[],"syntax_error":null,"is_cause":false,"frames":[{"filename":"/home/airflow/.local/lib/python3.13/site-packages/airflow/dag_processing/importers/python_importer.py","lineno":238,"name":"parse"},{"filename":"<frozen importlib._bootstrap_external>","lineno":1023,"name":"exec_module"},{"filename":"<frozen importlib._bootstrap>","lineno":488,"name":"_call_with_frames_removed"},{"filename":"/opt/airflow/dags/orchestrate.py","lineno":87,"name":"<module>"},{"filename":"/home/airflow/.local/lib/python3.13/site-packages/airflow/sdk/definitions/dag.py","lineno":1696,"name":"factory"},{"filename":"/opt/airflow/dags/orchestrate.py","lineno":85,"name":"orchestrate"}],"is_group":false,"exceptions":[]}]}
{"timestamp":"2026-07-24T16:34:52.276679Z","level":"error","event":"Error loading DAG from orchestrate.py: name 'source_freshness' is not defined","logger":"airflow.dag_processing.dagbag.BundleDagBag","filename":"dagbag.py","lineno":319}
{"timestamp":"2026-07-24T16:34:52.276855Z","level":"warning","event":"The `airflow.operators.bash.BashOperator` attribute is deprecated. Please use `'airflow.providers.standard.operators.bash.BashOperator'`.","category":"UserWarning","filename":"/opt/airflow/dags/orchestrate.py","lineno":3,"logger":"py.warnings"}
{"timestamp":"2026-07-24T16:35:22.546611Z","level":"info","event":"Filling up the DagBag from /opt/airflow/dags/orchestrate.py","logger":"airflow.dag_processing.dagbag.BundleDagBag","filename":"dagbag.py","lineno":460}
{"timestamp":"2026-07-24T16:35:23.361258Z","level":"error","event":"Failed to import: /opt/airflow/dags/orchestrate.py","logger":"airflow.dag_processing.importers.python_importer","filename":"python_importer.py","lineno":244,"error_detail":[{"exc_type":"NameError","exc_value":"name 'source_freshness' is not defined","exc_notes":[],"syntax_error":null,"is_cause":false,"frames":[{"filename":"/home/airflow/.local/lib/python3.13/site-packages/airflow/dag_processing/importers/python_importer.py","lineno":238,"name":"parse"},{"filename":"<frozen importlib._bootstrap_external>","lineno":1023,"name":"exec_module"},{"filename":"<frozen importlib._bootstrap>","lineno":488,"name":"_call_with_frames_removed"},{"filename":"/opt/airflow/dags/orchestrate.py","lineno":87,"name":"<module>"},{"filename":"/home/airflow/.local/lib/python3.13/site-packages/airflow/sdk/definitions/dag.py","lineno":1696,"name":"factory"},{"filename":"/opt/airflow/dags/orchestrate.py","lineno":85,"name":"orchestrate"}],"is_group":false,"exceptions":[]}]}
{"timestamp":"2026-07-24T16:35:23.372149Z","level":"error","event":"Error loading DAG from orchestrate.py: name 'source_freshness' is not defined","logger":"airflow.dag_processing.dagbag.BundleDagBag","filename":"dagbag.py","lineno":319}
{"timestamp":"2026-07-24T16:35:23.372301Z","level":"warning","event":"The `airflow.operators.bash.BashOperator` attribute is deprecated. Please use `'airflow.providers.standard.operators.bash.BashOperator'`.","category":"UserWarning","filename":"/opt/airflow/dags/orchestrate.py","lineno":3,"logger":"py.warnings"}
{"timestamp":"2026-07-24T16:35:32.499602Z","level":"info","event":"Filling up the DagBag from /opt/airflow/dags/orchestrate.py","logger":"airflow.dag_processing.dagbag.BundleDagBag","filename":"dagbag.py","lineno":460}
{"timestamp":"2026-07-24T16:35:33.330446Z","level":"error","event":"Failed to import: /opt/airflow/dags/orchestrate.py","logger":"airflow.dag_processing.importers.python_importer","filename":"python_importer.py","lineno":244,"error_detail":[{"exc_type":"AttributeError","exc_value":"'_TaskDecorator' object has no attribute 'update_relative'","exc_notes":[],"syntax_error":null,"is_cause":false,"frames":[{"filename":"/home/airflow/.local/lib/python3.13/site-packages/airflow/dag_processing/importers/python_importer.py","lineno":238,"name":"parse"},{"filename":"<frozen importlib._bootstrap_external>","lineno":1023,"name":"exec_module"},{"filename":"<frozen importlib._bootstrap>","lineno":488,"name":"_call_with_frames_removed"},{"filename":"/opt/airflow/dags/orchestrate.py","lineno":91,"name":"<module>"},{"filename":"/home/airflow/.local/lib/python3.13/site-packages/airflow/sdk/definitions/dag.py","lineno":1696,"name":"factory"},{"filename":"/opt/airflow/dags/orchestrate.py","lineno":89,"name":"orchestrate"},{"filename":"/home/airflow/.local/lib/python3.13/site-packages/airflow/sdk/definitions/_internal/mixins.py","lineno":99,"name":"__rshift__"},{"filename":"/home/airflow/.local/lib/python3.13/site-packages/airflow/sdk/definitions/xcom_arg.py","lineno":157,"name":"set_downstream"},{"filename":"/home/airflow/.local/lib/python3.13/site-packages/airflow/sdk/definitions/_internal/node.py","lineno":150,"name":"set_downstream"},{"filename":"/home/airflow/.local/lib/python3.13/site-packages/airflow/sdk/definitions/_internal/node.py","lineno":102,"name":"_set_relatives"}],"is_group":false,"exceptions":[]}]}
{"timestamp":"2026-07-24T16:35:33.335541Z","level":"error","event":"Error loading DAG from orchestrate.py: '_TaskDecorator' object has no attribute 'update_relative'","logger":"airflow.dag_processing.dagbag.BundleDagBag","filename":"dagbag.py","lineno":319}
{"timestamp":"2026-07-24T16:35:33.335677Z","level":"warning","event":"The `airflow.operators.bash.BashOperator` attribute is deprecated. Please use `'airflow.providers.standard.operators.bash.BashOperator'`.","category":"UserWarning","filename":"/opt/airflow/dags/orchestrate.py","lineno":3,"logger":"py.warnings"}
{"timestamp":"2026-07-24T16:35:54.548150Z","level":"info","event":"Filling up the DagBag from /opt/airflow/dags/orchestrate.py","logger":"airflow.dag_processing.dagbag.BundleDagBag","filename":"dagbag.py","lineno":460}
{"timestamp":"2026-07-24T16:35:55.360103Z","level":"error","event":"Failed to import: /opt/airflow/dags/orchestrate.py","logger":"airflow.dag_processing.importers.python_importer","filename":"python_importer.py","lineno":244,"error_detail":[{"exc_type":"AttributeError","exc_value":"'_TaskDecorator' object has no attribute 'update_relative'","exc_notes":[],"syntax_error":null,"is_cause":false,"frames":[{"filename":"/home/airflow/.local/lib/python3.13/site-packages/airflow/dag_processing/importers/python_importer.py","lineno":238,"name":"parse"},{"filename":"<frozen importlib._bootstrap_external>","lineno":1023,"name":"exec_module"},{"filename":"<frozen importlib._bootstrap>","lineno":488,"name":"_call_with_frames_removed"},{"filename":"/opt/airflow/dags/orchestrate.py","lineno":91,"name":"<module>"},{"filename":"/home/airflow/.local/lib/python3.13/site-packages/airflow/sdk/definitions/dag.py","lineno":1696,"name":"factory"},{"filename":"/opt/airflow/dags/orchestrate.py","lineno":89,"name":"orchestrate"},{"filename":"/home/airflow/.local/lib/python3.13/site-packages/airflow/sdk/definitions/_internal/mixins.py","lineno":99,"name":"__rshift__"},{"filename":"/home/airflow/.local/lib/python3.13/site-packages/airflow/sdk/definitions/xcom_arg.py","lineno":157,"name":"set_downstream"},{"filename":"/home/airflow/.local/lib/python3.13/site-packages/airflow/sdk/definitions/_internal/node.py","lineno":150,"name":"set_downstream"},{"filename":"/home/airflow/.local/lib/python3.13/site-packages/airflow/sdk/definitions/_internal/node.py","lineno":102,"name":"_set_relatives"}],"is_group":false,"exceptions":[]}]}
{"timestamp":"2026-07-24T16:35:55.361416Z","level":"error","event":"Error loading DAG from orchestrate.py: '_TaskDecorator' object has no attribute 'update_relative'","logger":"airflow.dag_processing.dagbag.BundleDagBag","filename":"dagbag.py","lineno":319}
{"timestamp":"2026-07-24T16:35:55.361551Z","level":"warning","event":"The `airflow.operators.bash.BashOperator` attribute is deprecated. Please use `'airflow.providers.standard.operators.bash.BashOperator'`.","category":"UserWarning","filename":"/opt/airflow/dags/orchestrate.py","lineno":3,"logger":"py.warnings"}
{"timestamp":"2026-07-24T16:36:06.513261Z","level":"info","event":"Filling up the DagBag from /opt/airflow/dags/orchestrate.py","logger":"airflow.dag_processing.dagbag.BundleDagBag","filename":"dagbag.py","lineno":460}
{"timestamp":"2026-07-24T16:36:07.324265Z","level":"warning","event":"The `airflow.operators.bash.BashOperator` attribute is deprecated. Please use `'airflow.providers.standard.operators.bash.BashOperator'`.","category":"UserWarning","filename":"/opt/airflow/dags/orchestrate.py","lineno":3,"logger":"py.warnings"}
{"timestamp":"2026-07-24T16:36:37.607748Z","level":"info","event":"Filling up the DagBag from /opt/airflow/dags/orchestrate.py","logger":"airflow.dag_processing.dagbag.BundleDagBag","filename":"dagbag.py","lineno":460}
{"timestamp":"2026-07-24T16:36:38.426445Z","level":"warning","event":"The `airflow.operators.bash.BashOperator` attribute is deprecated. Please use `'airflow.providers.standard.operators.bash.BashOperator'`.","category":"UserWarning","filename":"/opt/airflow/dags/orchestrate.py","lineno":3,"logger":"py.warnings"}
{"timestamp":"2026-07-24T16:37:08.698306Z","level":"info","event":"Filling up the DagBag from /opt/airflow/dags/orchestrate.py","logger":"airflow.dag_processing.dagbag.BundleDagBag","filename":"dagbag.py","lineno":460}
{"timestamp":"2026-07-24T16:37:09.550840Z","level":"warning","event":"The `airflow.operators.bash.BashOperator` attribute is deprecated. Please use `'airflow.providers.standard.operators.bash.BashOperator'`.","category":"UserWarning","filename":"/opt/airflow/dags/orchestrate.py","lineno":3,"logger":"py.warnings"}
{"timestamp":"2026-07-24T16:37:39.923950Z","level":"info","event":"Filling up the DagBag from /opt/airflow/dags/orchestrate.py","logger":"airflow.dag_processing.dagbag.BundleDagBag","filename":"dagbag.py","lineno":460}
{"timestamp":"2026-07-24T16:37:40.770571Z","level":"warning","event":"The `airflow.operators.bash.BashOperator` attribute is deprecated. Please use `'airflow.providers.standard.operators.bash.BashOperator'`.","category":"UserWarning","filename":"/opt/airflow/dags/orchestrate.py","lineno":3,"logger":"py.warnings"}
{"timestamp":"2026-07-24T16:38:11.056975Z","level":"info","event":"Filling up the DagBag from /opt/airflow/dags/orchestrate.py","logger":"airflow.dag_processing.dagbag.BundleDagBag","filename":"dagbag.py","lineno":460}
{"timestamp":"2026-07-24T16:38:11.942021Z","level":"warning","event":"The `airflow.operators.bash.BashOperator` attribute is deprecated. Please use `'airflow.providers.standard.operators.bash.BashOperator'`.","category":"UserWarning","filename":"/opt/airflow/dags/orchestrate.py","lineno":3,"logger":"py.warnings"}
{"timestamp":"2026-07-24T16:38:42.227211Z","level":"info","event":"Filling up the DagBag from /opt/airflow/dags/orchestrate.py","logger":"airflow.dag_processing.dagbag.BundleDagBag","filename":"dagbag.py","lineno":460}
{"timestamp":"2026-07-24T16:38:43.105748Z","level":"warning","event":"The `airflow.operators.bash.BashOperator` attribute is deprecated. Please use `'airflow.providers.standard.operators.bash.BashOperator'`.","category":"UserWarning","filename":"/opt/airflow/dags/orchestrate.py","lineno":3,"logger":"py.warnings"}
{"timestamp":"2026-07-24T16:39:04.346617Z","level":"info","event":"Filling up the DagBag from /opt/airflow/dags/orchestrate.py","logger":"airflow.dag_processing.dagbag.BundleDagBag","filename":"dagbag.py","lineno":460}
{"timestamp":"2026-07-24T16:39:05.203944Z","level":"warning","event":"The `airflow.operators.bash.BashOperator` attribute is deprecated. Please use `'airflow.providers.standard.operators.bash.BashOperator'`.","category":"UserWarning","filename":"/opt/airflow/dags/orchestrate.py","lineno":3,"logger":"py.warnings"}
{"timestamp":"2026-07-24T16:39:35.483179Z","level":"info","event":"Filling up the DagBag from /opt/airflow/dags/orchestrate.py","logger":"airflow.dag_processing.dagbag.BundleDagBag","filename":"dagbag.py","lineno":460}
{"timestamp":"2026-07-24T16:39:36.270717Z","level":"warning","event":"The `airflow.operators.bash.BashOperator` attribute is deprecated. Please use `'airflow.providers.standard.operators.bash.BashOperator'`.","category":"UserWarning","filename":"/opt/airflow/dags/orchestrate.py","lineno":3,"logger":"py.warnings"}
{"timestamp":"2026-07-24T16:40:06.549194Z","level":"info","event":"Filling up the DagBag from /opt/airflow/dags/orchestrate.py","logger":"airflow.dag_processing.dagbag.BundleDagBag","filename":"dagbag.py","lineno":460}
{"timestamp":"2026-07-24T16:40:07.304699Z","level":"warning","event":"The `airflow.operators.bash.BashOperator` attribute is deprecated. Please use `'airflow.providers.standard.operators.bash.BashOperator'`.","category":"UserWarning","filename":"/opt/airflow/dags/orchestrate.py","lineno":3,"logger":"py.warnings"}
{"timestamp":"2026-07-24T16:40:09.393091Z","level":"info","event":"Filling up the DagBag from /opt/airflow/dags/orchestrate.py","logger":"airflow.dag_processing.dagbag.BundleDagBag","filename":"dagbag.py","lineno":460}
{"timestamp":"2026-07-24T16:40:10.234836Z","level":"warning","event":"The `airflow.operators.bash.BashOperator` attribute is deprecated. Please use `'airflow.providers.standard.operators.bash.BashOperator'`.","category":"UserWarning","filename":"/opt/airflow/dags/orchestrate.py","lineno":3,"logger":"py.warnings"}
{"timestamp":"2026-07-24T16:40:40.527049Z","level":"info","event":"Filling up the DagBag from /opt/airflow/dags/orchestrate.py","logger":"airflow.dag_processing.dagbag.BundleDagBag","filename":"dagbag.py","lineno":460}
{"timestamp":"2026-07-24T16:40:41.306417Z","level":"warning","event":"The `airflow.operators.bash.BashOperator` attribute is deprecated. Please use `'airflow.providers.standard.operators.bash.BashOperator'`.","category":"UserWarning","filename":"/opt/airflow/dags/orchestrate.py","lineno":3,"logger":"py.warnings"}
{"timestamp":"2026-07-24T16:41:11.625495Z","level":"info","event":"Filling up the DagBag from /opt/airflow/dags/orchestrate.py","logger":"airflow.dag_processing.dagbag.BundleDagBag","filename":"dagbag.py","lineno":460}
{"timestamp":"2026-07-24T16:41:12.470241Z","level":"warning","event":"The `airflow.operators.bash.BashOperator` attribute is deprecated. Please use `'airflow.providers.standard.operators.bash.BashOperator'`.","category":"UserWarning","filename":"/opt/airflow/dags/orchestrate.py","lineno":3,"logger":"py.warnings"}
{"timestamp":"2026-07-24T16:41:42.726863Z","level":"info","event":"Filling up the DagBag from /opt/airflow/dags/orchestrate.py","logger":"airflow.dag_processing.dagbag.BundleDagBag","filename":"dagbag.py","lineno":460}
{"timestamp":"2026-07-24T16:41:43.513339Z","level":"warning","event":"The `airflow.operators.bash.BashOperator` attribute is deprecated. Please use `'airflow.providers.standard.operators.bash.BashOperator'`.","category":"UserWarning","filename":"/opt/airflow/dags/orchestrate.py","lineno":3,"logger":"py.warnings"}
{"timestamp":"2026-07-24T16:42:13.835141Z","level":"info","event":"Filling up the DagBag from /opt/airflow/dags/orchestrate.py","logger":"airflow.dag_processing.dagbag.BundleDagBag","filename":"dagbag.py","lineno":460}
{"timestamp":"2026-07-24T16:42:14.602310Z","level":"warning","event":"The `airflow.operators.bash.BashOperator` attribute is deprecated. Please use `'airflow.providers.standard.operators.bash.BashOperator'`.","category":"UserWarning","filename":"/opt/airflow/dags/orchestrate.py","lineno":3,"logger":"py.warnings"}
{"timestamp":"2026-07-24T16:42:44.937697Z","level":"info","event":"Filling up the DagBag from /opt/airflow/dags/orchestrate.py","logger":"airflow.dag_processing.dagbag.BundleDagBag","filename":"dagbag.py","lineno":460}
{"timestamp":"2026-07-24T16:42:45.670468Z","level":"warning","event":"The `airflow.operators.bash.BashOperator` attribute is deprecated. Please use `'airflow.providers.standard.operators.bash.BashOperator'`.","category":"UserWarning","filename":"/opt/airflow/dags/orchestrate.py","lineno":3,"logger":"py.warnings"}
{"timestamp":"2026-07-24T16:43:15.956815Z","level":"info","event":"Filling up the DagBag from /opt/airflow/dags/orchestrate.py","logger":"airflow.dag_processing.dagbag.BundleDagBag","filename":"dagbag.py","lineno":460}
{"timestamp":"2026-07-24T16:43:16.753184Z","level":"warning","event":"The `airflow.operators.bash.BashOperator` attribute is deprecated. Please use `'airflow.providers.standard.operators.bash.BashOperator'`.","category":"UserWarning","filename":"/opt/airflow/dags/orchestrate.py","lineno":3,"logger":"py.warnings"}
{"timestamp":"2026-07-24T16:43:47.032222Z","level":"info","event":"Filling up the DagBag from /opt/airflow/dags/orchestrate.py","logger":"airflow.dag_processing.dagbag.BundleDagBag","filename":"dagbag.py","lineno":460}
{"timestamp":"2026-07-24T16:43:47.838197Z","level":"warning","event":"The `airflow.operators.bash.BashOperator` attribute is deprecated. Please use `'airflow.providers.standard.operators.bash.BashOperator'`.","category":"UserWarning","filename":"/opt/airflow/dags/orchestrate.py","lineno":3,"logger":"py.warnings"}
{"timestamp":"2026-07-24T16:44:18.125163Z","level":"info","event":"Filling up the DagBag from /opt/airflow/dags/orchestrate.py","logger":"airflow.dag_processing.dagbag.BundleDagBag","filename":"dagbag.py","lineno":460}
{"timestamp":"2026-07-24T16:44:18.946090Z","level":"warning","event":"The `airflow.operators.bash.BashOperator` attribute is deprecated. Please use `'airflow.providers.standard.operators.bash.BashOperator'`.","category":"UserWarning","filename":"/opt/airflow/dags/orchestrate.py","lineno":3,"logger":"py.warnings"}
{"timestamp":"2026-07-24T16:44:49.229934Z","level":"info","event":"Filling up the DagBag from /opt/airflow/dags/orchestrate.py","logger":"airflow.dag_processing.dagbag.BundleDagBag","filename":"dagbag.py","lineno":460}
{"timestamp":"2026-07-24T16:44:50.093091Z","level":"warning","event":"The `airflow.operators.bash.BashOperator` attribute is deprecated. Please use `'airflow.providers.standard.operators.bash.BashOperator'`.","category":"UserWarning","filename":"/opt/airflow/dags/orchestrate.py","lineno":3,"logger":"py.warnings"}
{"timestamp":"2026-07-24T16:45:20.389140Z","level":"info","event":"Filling up the DagBag from /opt/airflow/dags/orchestrate.py","logger":"airflow.dag_processing.dagbag.BundleDagBag","filename":"dagbag.py","lineno":460}
{"timestamp":"2026-07-24T16:45:21.425153Z","level":"warning","event":"The `airflow.operators.bash.BashOperator` attribute is deprecated. Please use `'airflow.providers.standard.operators.bash.BashOperator'`.","category":"UserWarning","filename":"/opt/airflow/dags/orchestrate.py","lineno":3,"logger":"py.warnings"}
{"timestamp":"2026-07-24T16:45:51.715357Z","level":"info","event":"Filling up the DagBag from /opt/airflow/dags/orchestrate.py","logger":"airflow.dag_processing.dagbag.BundleDagBag","filename":"dagbag.py","lineno":460}
{"timestamp":"2026-07-24T16:45:52.564509Z","level":"warning","event":"The `airflow.operators.bash.BashOperator` attribute is deprecated. Please use `'airflow.providers.standard.operators.bash.BashOperator'`.","category":"UserWarning","filename":"/opt/airflow/dags/orchestrate.py","lineno":3,"logger":"py.warnings"}
{"timestamp":"2026-07-24T16:46:22.846266Z","level":"info","event":"Filling up the DagBag from /opt/airflow/dags/orchestrate.py","logger":"airflow.dag_processing.dagbag.BundleDagBag","filename":"dagbag.py","lineno":460}
{"timestamp":"2026-07-24T16:46:23.736611Z","level":"warning","event":"The `airflow.operators.bash.BashOperator` attribute is deprecated. Please use `'airflow.providers.standard.operators.bash.BashOperator'`.","category":"UserWarning","filename":"/opt/airflow/dags/orchestrate.py","lineno":3,"logger":"py.warnings"}
{"timestamp":"2026-07-24T16:46:54.010960Z","level":"info","event":"Filling up the DagBag from /opt/airflow/dags/orchestrate.py","logger":"airflow.dag_processing.dagbag.BundleDagBag","filename":"dagbag.py","lineno":460}
{"timestamp":"2026-07-24T16:46:54.813517Z","level":"warning","event":"The `airflow.operators.bash.BashOperator` attribute is deprecated. Please use `'airflow.providers.standard.operators.bash.BashOperator'`.","category":"UserWarning","filename":"/opt/airflow/dags/orchestrate.py","lineno":3,"logger":"py.warnings"}
{"timestamp":"2026-07-24T16:47:25.090126Z","level":"info","event":"Filling up the DagBag from /opt/airflow/dags/orchestrate.py","logger":"airflow.dag_processing.dagbag.BundleDagBag","filename":"dagbag.py","lineno":460}
{"timestamp":"2026-07-24T16:47:25.937729Z","level":"warning","event":"The `airflow.operators.bash.BashOperator` attribute is deprecated. Please use `'airflow.providers.standard.operators.bash.BashOperator'`.","category":"UserWarning","filename":"/opt/airflow/dags/orchestrate.py","lineno":3,"logger":"py.warnings"}
{"timestamp":"2026-07-24T16:47:56.241146Z","level":"info","event":"Filling up the DagBag from /opt/airflow/dags/orchestrate.py","logger":"airflow.dag_processing.dagbag.BundleDagBag","filename":"dagbag.py","lineno":460}
{"timestamp":"2026-07-24T16:47:57.055844Z","level":"warning","event":"The `airflow.operators.bash.BashOperator` attribute is deprecated. Please use `'airflow.providers.standard.operators.bash.BashOperator'`.","category":"UserWarning","filename":"/opt/airflow/dags/orchestrate.py","lineno":3,"logger":"py.warnings"}
{"timestamp":"2026-07-24T16:48:27.354186Z","level":"info","event":"Filling up the DagBag from /opt/airflow/dags/orchestrate.py","logger":"airflow.dag_processing.dagbag.BundleDagBag","filename":"dagbag.py","lineno":460}
{"timestamp":"2026-07-24T16:48:28.159774Z","level":"warning","event":"The `airflow.operators.bash.BashOperator` attribute is deprecated. Please use `'airflow.providers.standard.operators.bash.BashOperator'`.","category":"UserWarning","filename":"/opt/airflow/dags/orchestrate.py","lineno":3,"logger":"py.warnings"}
{"timestamp":"2026-07-24T16:48:58.447969Z","level":"info","event":"Filling up the DagBag from /opt/airflow/dags/orchestrate.py","logger":"airflow.dag_processing.dagbag.BundleDagBag","filename":"dagbag.py","lineno":460}
{"timestamp":"2026-07-24T16:48:59.210793Z","level":"warning","event":"The `airflow.operators.bash.BashOperator` attribute is deprecated. Please use `'airflow.providers.standard.operators.bash.BashOperator'`.","category":"UserWarning","filename":"/opt/airflow/dags/orchestrate.py","lineno":3,"logger":"py.warnings"}
{"timestamp":"2026-07-24T16:49:29.485539Z","level":"info","event":"Filling up the DagBag from /opt/airflow/dags/orchestrate.py","logger":"airflow.dag_processing.dagbag.BundleDagBag","filename":"dagbag.py","lineno":460}
{"timestamp":"2026-07-24T16:49:30.276324Z","level":"warning","event":"The `airflow.operators.bash.BashOperator` attribute is deprecated. Please use `'airflow.providers.standard.operators.bash.BashOperator'`.","category":"UserWarning","filename":"/opt/airflow/dags/orchestrate.py","lineno":3,"logger":"py.warnings"}
{"timestamp":"2026-07-24T16:50:00.571099Z","level":"info","event":"Filling up the DagBag from /opt/airflow/dags/orchestrate.py","logger":"airflow.dag_processing.dagbag.BundleDagBag","filename":"dagbag.py","lineno":460}
{"timestamp":"2026-07-24T16:50:01.360450Z","level":"warning","event":"The `airflow.operators.bash.BashOperator` attribute is deprecated. Please use `'airflow.providers.standard.operators.bash.BashOperator'`.","category":"UserWarning","filename":"/opt/airflow/dags/orchestrate.py","lineno":3,"logger":"py.warnings"}
{"timestamp":"2026-07-24T16:50:31.848354Z","level":"info","event":"Filling up the DagBag from /opt/airflow/dags/orchestrate.py","logger":"airflow.dag_processing.dagbag.BundleDagBag","filename":"dagbag.py","lineno":460}
{"timestamp":"2026-07-24T16:50:34.116115Z","level":"warning","event":"The `airflow.operators.bash.BashOperator` attribute is deprecated. Please use `'airflow.providers.standard.operators.bash.BashOperator'`.","category":"UserWarning","filename":"/opt/airflow/dags/orchestrate.py","lineno":3,"logger":"py.warnings"}
{"timestamp":"2026-07-24T16:51:04.546248Z","level":"info","event":"Filling up the DagBag from /opt/airflow/dags/orchestrate.py","logger":"airflow.dag_processing.dagbag.BundleDagBag","filename":"dagbag.py","lineno":460}
{"timestamp":"2026-07-24T16:51:05.538509Z","level":"warning","event":"The `airflow.operators.bash.BashOperator` attribute is deprecated. Please use `'airflow.providers.standard.operators.bash.BashOperator'`.","category":"UserWarning","filename":"/opt/airflow/dags/orchestrate.py","lineno":3,"logger":"py.warnings"}
{"timestamp":"2026-07-24T16:51:36.014322Z","level":"info","event":"Filling up the DagBag from /opt/airflow/dags/orchestrate.py","logger":"airflow.dag_processing.dagbag.BundleDagBag","filename":"dagbag.py","lineno":460}
{"timestamp":"2026-07-24T16:51:37.077752Z","level":"warning","event":"The `airflow.operators.bash.BashOperator` attribute is deprecated. Please use `'airflow.providers.standard.operators.bash.BashOperator'`.","category":"UserWarning","filename":"/opt/airflow/dags/orchestrate.py","lineno":3,"logger":"py.warnings"}
{"timestamp":"2026-07-24T16:52:07.474139Z","level":"info","event":"Filling up the DagBag from /opt/airflow/dags/orchestrate.py","logger":"airflow.dag_processing.dagbag.BundleDagBag","filename":"dagbag.py","lineno":460}
{"timestamp":"2026-07-24T16:52:08.451160Z","level":"warning","event":"The `airflow.operators.bash.BashOperator` attribute is deprecated. Please use `'airflow.providers.standard.operators.bash.BashOperator'`.","category":"UserWarning","filename":"/opt/airflow/dags/orchestrate.py","lineno":3,"logger":"py.warnings"}
{"timestamp":"2026-07-24T16:52:38.929593Z","level":"info","event":"Filling up the DagBag from /opt/airflow/dags/orchestrate.py","logger":"airflow.dag_processing.dagbag.BundleDagBag","filename":"dagbag.py","lineno":460}
{"timestamp":"2026-07-24T16:52:39.934205Z","level":"warning","event":"The `airflow.operators.bash.BashOperator` attribute is deprecated. Please use `'airflow.providers.standard.operators.bash.BashOperator'`.","category":"UserWarning","filename":"/opt/airflow/dags/orchestrate.py","lineno":3,"logger":"py.warnings"}
{"timestamp":"2026-07-24T16:53:10.387932Z","level":"info","event":"Filling up the DagBag from /opt/airflow/dags/orchestrate.py","logger":"airflow.dag_processing.dagbag.BundleDagBag","filename":"dagbag.py","lineno":460}
{"timestamp":"2026-07-24T16:53:11.349465Z","level":"warning","event":"The `airflow.operators.bash.BashOperator` attribute is deprecated. Please use `'airflow.providers.standard.operators.bash.BashOperator'`.","category":"UserWarning","filename":"/opt/airflow/dags/orchestrate.py","lineno":3,"logger":"py.warnings"}
{"timestamp":"2026-07-24T16:53:41.732279Z","level":"info","event":"Filling up the DagBag from /opt/airflow/dags/orchestrate.py","logger":"airflow.dag_processing.dagbag.BundleDagBag","filename":"dagbag.py","lineno":460}
{"timestamp":"2026-07-24T16:53:42.651716Z","level":"warning","event":"The `airflow.operators.bash.BashOperator` attribute is deprecated. Please use `'airflow.providers.standard.operators.bash.BashOperator'`.","category":"UserWarning","filename":"/opt/airflow/dags/orchestrate.py","lineno":3,"logger":"py.warnings"}
{"timestamp":"2026-07-24T16:54:13.088776Z","level":"info","event":"Filling up the DagBag from /opt/airflow/dags/orchestrate.py","logger":"airflow.dag_processing.dagbag.BundleDagBag","filename":"dagbag.py","lineno":460}
{"timestamp":"2026-07-24T16:54:14.118912Z","level":"warning","event":"The `airflow.operators.bash.BashOperator` attribute is deprecated. Please use `'airflow.providers.standard.operators.bash.BashOperator'`.","category":"UserWarning","filename":"/opt/airflow/dags/orchestrate.py","lineno":3,"logger":"py.warnings"}
{"timestamp":"2026-07-24T16:54:44.492046Z","level":"info","event":"Filling up the DagBag from /opt/airflow/dags/orchestrate.py","logger":"airflow.dag_processing.dagbag.BundleDagBag","filename":"dagbag.py","lineno":460}
{"timestamp":"2026-07-24T16:54:45.524965Z","level":"warning","event":"The `airflow.operators.bash.BashOperator` attribute is deprecated. Please use `'airflow.providers.standard.operators.bash.BashOperator'`.","category":"UserWarning","filename":"/opt/airflow/dags/orchestrate.py","lineno":3,"logger":"py.warnings"}
{"timestamp":"2026-07-24T16:55:15.997245Z","level":"info","event":"Filling up the DagBag from /opt/airflow/dags/orchestrate.py","logger":"airflow.dag_processing.dagbag.BundleDagBag","filename":"dagbag.py","lineno":460}
{"timestamp":"2026-07-24T16:55:17.126070Z","level":"warning","event":"The `airflow.operators.bash.BashOperator` attribute is deprecated. Please use `'airflow.providers.standard.operators.bash.BashOperator'`.","category":"UserWarning","filename":"/opt/airflow/dags/orchestrate.py","lineno":3,"logger":"py.warnings"}
{"timestamp":"2026-07-24T16:55:47.530031Z","level":"info","event":"Filling up the DagBag from /opt/airflow/dags/orchestrate.py","logger":"airflow.dag_processing.dagbag.BundleDagBag","filename":"dagbag.py","lineno":460}
{"timestamp":"2026-07-24T16:55:48.536049Z","level":"warning","event":"The `airflow.operators.bash.BashOperator` attribute is deprecated. Please use `'airflow.providers.standard.operators.bash.BashOperator'`.","category":"UserWarning","filename":"/opt/airflow/dags/orchestrate.py","lineno":3,"logger":"py.warnings"}
{"timestamp":"2026-07-24T16:56:18.957631Z","level":"info","event":"Filling up the DagBag from /opt/airflow/dags/orchestrate.py","logger":"airflow.dag_processing.dagbag.BundleDagBag","filename":"dagbag.py","lineno":460}
{"timestamp":"2026-07-24T16:56:19.840324Z","level":"warning","event":"The `airflow.operators.bash.BashOperator` attribute is deprecated. Please use `'airflow.providers.standard.operators.bash.BashOperator'`.","category":"UserWarning","filename":"/opt/airflow/dags/orchestrate.py","lineno":3,"logger":"py.warnings"}
{"timestamp":"2026-07-24T16:56:50.286938Z","level":"info","event":"Filling up the DagBag from /opt/airflow/dags/orchestrate.py","logger":"airflow.dag_processing.dagbag.BundleDagBag","filename":"dagbag.py","lineno":460}
{"timestamp":"2026-07-24T16:56:51.183381Z","level":"warning","event":"The `airflow.operators.bash.BashOperator` attribute is deprecated. Please use `'airflow.providers.standard.operators.bash.BashOperator'`.","category":"UserWarning","filename":"/opt/airflow/dags/orchestrate.py","lineno":3,"logger":"py.warnings"}
{"timestamp":"2026-07-24T16:57:21.598442Z","level":"info","event":"Filling up the DagBag from /opt/airflow/dags/orchestrate.py","logger":"airflow.dag_processing.dagbag.BundleDagBag","filename":"dagbag.py","lineno":460}
{"timestamp":"2026-07-24T16:57:22.561418Z","level":"warning","event":"The `airflow.operators.bash.BashOperator` attribute is deprecated. Please use `'airflow.providers.standard.operators.bash.BashOperator'`.","category":"UserWarning","filename":"/opt/airflow/dags/orchestrate.py","lineno":3,"logger":"py.warnings"}
{"timestamp":"2026-07-24T16:57:53.005737Z","level":"info","event":"Filling up the DagBag from /opt/airflow/dags/orchestrate.py","logger":"airflow.dag_processing.dagbag.BundleDagBag","filename":"dagbag.py","lineno":460}
{"timestamp":"2026-07-24T16:57:53.988376Z","level":"warning","event":"The `airflow.operators.bash.BashOperator` attribute is deprecated. Please use `'airflow.providers.standard.operators.bash.BashOperator'`.","category":"UserWarning","filename":"/opt/airflow/dags/orchestrate.py","lineno":3,"logger":"py.warnings"}
{"timestamp":"2026-07-24T16:58:24.367068Z","level":"info","event":"Filling up the DagBag from /opt/airflow/dags/orchestrate.py","logger":"airflow.dag_processing.dagbag.BundleDagBag","filename":"dagbag.py","lineno":460}
{"timestamp":"2026-07-24T16:58:25.519110Z","level":"warning","event":"The `airflow.operators.bash.BashOperator` attribute is deprecated. Please use `'airflow.providers.standard.operators.bash.BashOperator'`.","category":"UserWarning","filename":"/opt/airflow/dags/orchestrate.py","lineno":3,"logger":"py.warnings"}
{"timestamp":"2026-07-24T16:58:55.899136Z","level":"info","event":"Filling up the DagBag from /opt/airflow/dags/orchestrate.py","logger":"airflow.dag_processing.dagbag.BundleDagBag","filename":"dagbag.py","lineno":460}
{"timestamp":"2026-07-24T16:58:56.810042Z","level":"warning","event":"The `airflow.operators.bash.BashOperator` attribute is deprecated. Please use `'airflow.providers.standard.operators.bash.BashOperator'`.","category":"UserWarning","filename":"/opt/airflow/dags/orchestrate.py","lineno":3,"logger":"py.warnings"}
{"timestamp":"2026-07-24T16:59:27.224673Z","level":"info","event":"Filling up the DagBag from /opt/airflow/dags/orchestrate.py","logger":"airflow.dag_processing.dagbag.BundleDagBag","filename":"dagbag.py","lineno":460}
{"timestamp":"2026-07-24T16:59:28.235119Z","level":"warning","event":"The `airflow.operators.bash.BashOperator` attribute is deprecated. Please use `'airflow.providers.standard.operators.bash.BashOperator'`.","category":"UserWarning","filename":"/opt/airflow/dags/orchestrate.py","lineno":3,"logger":"py.warnings"}
{"timestamp":"2026-07-24T16:59:58.645541Z","level":"info","event":"Filling up the DagBag from /opt/airflow/dags/orchestrate.py","logger":"airflow.dag_processing.dagbag.BundleDagBag","filename":"dagbag.py","lineno":460}
{"timestamp":"2026-07-24T16:59:59.670318Z","level":"warning","event":"The `airflow.operators.bash.BashOperator` attribute is deprecated. Please use `'airflow.providers.standard.operators.bash.BashOperator'`.","category":"UserWarning","filename":"/opt/airflow/dags/orchestrate.py","lineno":3,"logger":"py.warnings"}
{"timestamp":"2026-07-24T17:00:30.149993Z","level":"info","event":"Filling up the DagBag from /opt/airflow/dags/orchestrate.py","logger":"airflow.dag_processing.dagbag.BundleDagBag","filename":"dagbag.py","lineno":460}
{"timestamp":"2026-07-24T17:00:31.026629Z","level":"warning","event":"The `airflow.operators.bash.BashOperator` attribute is deprecated. Please use `'airflow.providers.standard.operators.bash.BashOperator'`.","category":"UserWarning","filename":"/opt/airflow/dags/orchestrate.py","lineno":3,"logger":"py.warnings"}
{"timestamp":"2026-07-24T17:01:01.452544Z","level":"info","event":"Filling up the DagBag from /opt/airflow/dags/orchestrate.py","logger":"airflow.dag_processing.dagbag.BundleDagBag","filename":"dagbag.py","lineno":460}
{"timestamp":"2026-07-24T17:01:02.336427Z","level":"warning","event":"The `airflow.operators.bash.BashOperator` attribute is deprecated. Please use `'airflow.providers.standard.operators.bash.BashOperator'`.","category":"UserWarning","filename":"/opt/airflow/dags/orchestrate.py","lineno":3,"logger":"py.warnings"}
{"timestamp":"2026-07-24T17:01:32.869639Z","level":"info","event":"Filling up the DagBag from /opt/airflow/dags/orchestrate.py","logger":"airflow.dag_processing.dagbag.BundleDagBag","filename":"dagbag.py","lineno":460}
{"timestamp":"2026-07-24T17:01:33.728932Z","level":"warning","event":"The `airflow.operators.bash.BashOperator` attribute is deprecated. Please use `'airflow.providers.standard.operators.bash.BashOperator'`.","category":"UserWarning","filename":"/opt/airflow/dags/orchestrate.py","lineno":3,"logger":"py.warnings"}
{"timestamp":"2026-07-24T17:02:04.193268Z","level":"info","event":"Filling up the DagBag from /opt/airflow/dags/orchestrate.py","logger":"airflow.dag_processing.dagbag.BundleDagBag","filename":"dagbag.py","lineno":460}
{"timestamp":"2026-07-24T17:02:05.117196Z","level":"warning","event":"The `airflow.operators.bash.BashOperator` attribute is deprecated. Please use `'airflow.providers.standard.operators.bash.BashOperator'`.","category":"UserWarning","filename":"/opt/airflow/dags/orchestrate.py","lineno":3,"logger":"py.warnings"}
{"timestamp":"2026-07-24T17:02:35.587407Z","level":"info","event":"Filling up the DagBag from /opt/airflow/dags/orchestrate.py","logger":"airflow.dag_processing.dagbag.BundleDagBag","filename":"dagbag.py","lineno":460}
{"timestamp":"2026-07-24T17:02:36.572533Z","level":"warning","event":"The `airflow.operators.bash.BashOperator` attribute is deprecated. Please use `'airflow.providers.standard.operators.bash.BashOperator'`.","category":"UserWarning","filename":"/opt/airflow/dags/orchestrate.py","lineno":3,"logger":"py.warnings"}
{"timestamp":"2026-07-24T17:03:06.963501Z","level":"info","event":"Filling up the DagBag from /opt/airflow/dags/orchestrate.py","logger":"airflow.dag_processing.dagbag.BundleDagBag","filename":"dagbag.py","lineno":460}
{"timestamp":"2026-07-24T17:03:07.891448Z","level":"warning","event":"The `airflow.operators.bash.BashOperator` attribute is deprecated. Please use `'airflow.providers.standard.operators.bash.BashOperator'`.","category":"UserWarning","filename":"/opt/airflow/dags/orchestrate.py","lineno":3,"logger":"py.warnings"}
{"timestamp":"2026-07-24T17:03:38.321468Z","level":"info","event":"Filling up the DagBag from /opt/airflow/dags/orchestrate.py","logger":"airflow.dag_processing.dagbag.BundleDagBag","filename":"dagbag.py","lineno":460}
{"timestamp":"2026-07-24T17:03:39.239528Z","level":"warning","event":"The `airflow.operators.bash.BashOperator` attribute is deprecated. Please use `'airflow.providers.standard.operators.bash.BashOperator'`.","category":"UserWarning","filename":"/opt/airflow/dags/orchestrate.py","lineno":3,"logger":"py.warnings"}
{"timestamp":"2026-07-24T17:04:09.694762Z","level":"info","event":"Filling up the DagBag from /opt/airflow/dags/orchestrate.py","logger":"airflow.dag_processing.dagbag.BundleDagBag","filename":"dagbag.py","lineno":460}
{"timestamp":"2026-07-24T17:04:10.597530Z","level":"warning","event":"The `airflow.operators.bash.BashOperator` attribute is deprecated. Please use `'airflow.providers.standard.operators.bash.BashOperator'`.","category":"UserWarning","filename":"/opt/airflow/dags/orchestrate.py","lineno":3,"logger":"py.warnings"}
{"timestamp":"2026-07-24T17:04:40.974819Z","level":"info","event":"Filling up the DagBag from /opt/airflow/dags/orchestrate.py","logger":"airflow.dag_processing.dagbag.BundleDagBag","filename":"dagbag.py","lineno":460}
{"timestamp":"2026-07-24T17:04:41.951296Z","level":"warning","event":"The `airflow.operators.bash.BashOperator` attribute is deprecated. Please use `'airflow.providers.standard.operators.bash.BashOperator'`.","category":"UserWarning","filename":"/opt/airflow/dags/orchestrate.py","lineno":3,"logger":"py.warnings"}
{"timestamp":"2026-07-24T17:05:12.389306Z","level":"info","event":"Filling up the DagBag from /opt/airflow/dags/orchestrate.py","logger":"airflow.dag_processing.dagbag.BundleDagBag","filename":"dagbag.py","lineno":460}
{"timestamp":"2026-07-24T17:05:13.258841Z","level":"warning","event":"The `airflow.operators.bash.BashOperator` attribute is deprecated. Please use `'airflow.providers.standard.operators.bash.BashOperator'`.","category":"UserWarning","filename":"/opt/airflow/dags/orchestrate.py","lineno":3,"logger":"py.warnings"}
{"timestamp":"2026-07-24T17:05:43.759524Z","level":"info","event":"Filling up the DagBag from /opt/airflow/dags/orchestrate.py","logger":"airflow.dag_processing.dagbag.BundleDagBag","filename":"dagbag.py","lineno":460}
{"timestamp":"2026-07-24T17:05:44.717278Z","level":"warning","event":"The `airflow.operators.bash.BashOperator` attribute is deprecated. Please use `'airflow.providers.standard.operators.bash.BashOperator'`.","category":"UserWarning","filename":"/opt/airflow/dags/orchestrate.py","lineno":3,"logger":"py.warnings"}
{"timestamp":"2026-07-24T17:06:15.139801Z","level":"info","event":"Filling up the DagBag from /opt/airflow/dags/orchestrate.py","logger":"airflow.dag_processing.dagbag.BundleDagBag","filename":"dagbag.py","lineno":460}
{"timestamp":"2026-07-24T17:06:16.005607Z","level":"warning","event":"The `airflow.operators.bash.BashOperator` attribute is deprecated. Please use `'airflow.providers.standard.operators.bash.BashOperator'`.","category":"UserWarning","filename":"/opt/airflow/dags/orchestrate.py","lineno":3,"logger":"py.warnings"}
{"timestamp":"2026-07-24T17:06:46.521073Z","level":"info","event":"Filling up the DagBag from /opt/airflow/dags/orchestrate.py","logger":"airflow.dag_processing.dagbag.BundleDagBag","filename":"dagbag.py","lineno":460}
{"timestamp":"2026-07-24T17:06:47.407633Z","level":"warning","event":"The `airflow.operators.bash.BashOperator` attribute is deprecated. Please use `'airflow.providers.standard.operators.bash.BashOperator'`.","category":"UserWarning","filename":"/opt/airflow/dags/orchestrate.py","lineno":3,"logger":"py.warnings"}
{"timestamp":"2026-07-24T17:07:17.872449Z","level":"info","event":"Filling up the DagBag from /opt/airflow/dags/orchestrate.py","logger":"airflow.dag_processing.dagbag.BundleDagBag","filename":"dagbag.py","lineno":460}
{"timestamp":"2026-07-24T17:07:18.743317Z","level":"warning","event":"The `airflow.operators.bash.BashOperator` attribute is deprecated. Please use `'airflow.providers.standard.operators.bash.BashOperator'`.","category":"UserWarning","filename":"/opt/airflow/dags/orchestrate.py","lineno":3,"logger":"py.warnings"}
{"timestamp":"2026-07-24T17:07:49.189033Z","level":"info","event":"Filling up the DagBag from /opt/airflow/dags/orchestrate.py","logger":"airflow.dag_processing.dagbag.BundleDagBag","filename":"dagbag.py","lineno":460}
{"timestamp":"2026-07-24T17:07:50.190900Z","level":"warning","event":"The `airflow.operators.bash.BashOperator` attribute is deprecated. Please use `'airflow.providers.standard.operators.bash.BashOperator'`.","category":"UserWarning","filename":"/opt/airflow/dags/orchestrate.py","lineno":3,"logger":"py.warnings"}
{"timestamp":"2026-07-24T17:08:20.638154Z","level":"info","event":"Filling up the DagBag from /opt/airflow/dags/orchestrate.py","logger":"airflow.dag_processing.dagbag.BundleDagBag","filename":"dagbag.py","lineno":460}
{"timestamp":"2026-07-24T17:08:21.659016Z","level":"warning","event":"The `airflow.operators.bash.BashOperator` attribute is deprecated. Please use `'airflow.providers.standard.operators.bash.BashOperator'`.","category":"UserWarning","filename":"/opt/airflow/dags/orchestrate.py","lineno":3,"logger":"py.warnings"}
{"timestamp":"2026-07-24T17:08:52.075866Z","level":"info","event":"Filling up the DagBag from /opt/airflow/dags/orchestrate.py","logger":"airflow.dag_processing.dagbag.BundleDagBag","filename":"dagbag.py","lineno":460}
{"timestamp":"2026-07-24T17:08:53.029497Z","level":"warning","event":"The `airflow.operators.bash.BashOperator` attribute is deprecated. Please use `'airflow.providers.standard.operators.bash.BashOperator'`.","category":"UserWarning","filename":"/opt/airflow/dags/orchestrate.py","lineno":3,"logger":"py.warnings"}
{"timestamp":"2026-07-24T17:09:23.407087Z","level":"info","event":"Filling up the DagBag from /opt/airflow/dags/orchestrate.py","logger":"airflow.dag_processing.dagbag.BundleDagBag","filename":"dagbag.py","lineno":460}
{"timestamp":"2026-07-24T17:09:24.367476Z","level":"warning","event":"The `airflow.operators.bash.BashOperator` attribute is deprecated. Please use `'airflow.providers.standard.operators.bash.BashOperator'`.","category":"UserWarning","filename":"/opt/airflow/dags/orchestrate.py","lineno":3,"logger":"py.warnings"}
{"timestamp":"2026-07-24T17:09:54.766734Z","level":"info","event":"Filling up the DagBag from /opt/airflow/dags/orchestrate.py","logger":"airflow.dag_processing.dagbag.BundleDagBag","filename":"dagbag.py","lineno":460}
{"timestamp":"2026-07-24T17:09:55.751858Z","level":"warning","event":"The `airflow.operators.bash.BashOperator` attribute is deprecated. Please use `'airflow.providers.standard.operators.bash.BashOperator'`.","category":"UserWarning","filename":"/opt/airflow/dags/orchestrate.py","lineno":3,"logger":"py.warnings"}
{"timestamp":"2026-07-24T17:10:26.173697Z","level":"info","event":"Filling up the DagBag from /opt/airflow/dags/orchestrate.py","logger":"airflow.dag_processing.dagbag.BundleDagBag","filename":"dagbag.py","lineno":460}
{"timestamp":"2026-07-24T17:10:27.084417Z","level":"warning","event":"The `airflow.operators.bash.BashOperator` attribute is deprecated. Please use `'airflow.providers.standard.operators.bash.BashOperator'`.","category":"UserWarning","filename":"/opt/airflow/dags/orchestrate.py","lineno":3,"logger":"py.warnings"}
{"timestamp":"2026-07-24T17:10:57.520631Z","level":"info","event":"Filling up the DagBag from /opt/airflow/dags/orchestrate.py","logger":"airflow.dag_processing.dagbag.BundleDagBag","filename":"dagbag.py","lineno":460}
{"timestamp":"2026-07-24T17:10:58.502863Z","level":"warning","event":"The `airflow.operators.bash.BashOperator` attribute is deprecated. Please use `'airflow.providers.standard.operators.bash.BashOperator'`.","category":"UserWarning","filename":"/opt/airflow/dags/orchestrate.py","lineno":3,"logger":"py.warnings"}
{"timestamp":"2026-07-24T17:11:28.921019Z","level":"info","event":"Filling up the DagBag from /opt/airflow/dags/orchestrate.py","logger":"airflow.dag_processing.dagbag.BundleDagBag","filename":"dagbag.py","lineno":460}
{"timestamp":"2026-07-24T17:11:29.985639Z","level":"warning","event":"The `airflow.operators.bash.BashOperator` attribute is deprecated. Please use `'airflow.providers.standard.operators.bash.BashOperator'`.","category":"UserWarning","filename":"/opt/airflow/dags/orchestrate.py","lineno":3,"logger":"py.warnings"}
{"timestamp":"2026-07-24T17:12:00.419561Z","level":"info","event":"Filling up the DagBag from /opt/airflow/dags/orchestrate.py","logger":"airflow.dag_processing.dagbag.BundleDagBag","filename":"dagbag.py","lineno":460}
{"timestamp":"2026-07-24T17:12:01.395641Z","level":"warning","event":"The `airflow.operators.bash.BashOperator` attribute is deprecated. Please use `'airflow.providers.standard.operators.bash.BashOperator'`.","category":"UserWarning","filename":"/opt/airflow/dags/orchestrate.py","lineno":3,"logger":"py.warnings"}
{"timestamp":"2026-07-24T17:12:31.869182Z","level":"info","event":"Filling up the DagBag from /opt/airflow/dags/orchestrate.py","logger":"airflow.dag_processing.dagbag.BundleDagBag","filename":"dagbag.py","lineno":460}
{"timestamp":"2026-07-24T17:12:32.816473Z","level":"warning","event":"The `airflow.operators.bash.BashOperator` attribute is deprecated. Please use `'airflow.providers.standard.operators.bash.BashOperator'`.","category":"UserWarning","filename":"/opt/airflow/dags/orchestrate.py","lineno":3,"logger":"py.warnings"}
{"timestamp":"2026-07-24T17:13:03.270646Z","level":"info","event":"Filling up the DagBag from /opt/airflow/dags/orchestrate.py","logger":"airflow.dag_processing.dagbag.BundleDagBag","filename":"dagbag.py","lineno":460}
{"timestamp":"2026-07-24T17:13:04.229617Z","level":"warning","event":"The `airflow.operators.bash.BashOperator` attribute is deprecated. Please use `'airflow.providers.standard.operators.bash.BashOperator'`.","category":"UserWarning","filename":"/opt/airflow/dags/orchestrate.py","lineno":3,"logger":"py.warnings"}
{"timestamp":"2026-07-24T17:13:34.735832Z","level":"info","event":"Filling up the DagBag from /opt/airflow/dags/orchestrate.py","logger":"airflow.dag_processing.dagbag.BundleDagBag","filename":"dagbag.py","lineno":460}
{"timestamp":"2026-07-24T17:13:35.716808Z","level":"warning","event":"The `airflow.operators.bash.BashOperator` attribute is deprecated. Please use `'airflow.providers.standard.operators.bash.BashOperator'`.","category":"UserWarning","filename":"/opt/airflow/dags/orchestrate.py","lineno":3,"logger":"py.warnings"}
{"timestamp":"2026-07-24T17:14:06.159629Z","level":"info","event":"Filling up the DagBag from /opt/airflow/dags/orchestrate.py","logger":"airflow.dag_processing.dagbag.BundleDagBag","filename":"dagbag.py","lineno":460}
{"timestamp":"2026-07-24T17:14:07.116454Z","level":"warning","event":"The `airflow.operators.bash.BashOperator` attribute is deprecated. Please use `'airflow.providers.standard.operators.bash.BashOperator'`.","category":"UserWarning","filename":"/opt/airflow/dags/orchestrate.py","lineno":3,"logger":"py.warnings"}
{"timestamp":"2026-07-24T17:14:37.519498Z","level":"info","event":"Filling up the DagBag from /opt/airflow/dags/orchestrate.py","logger":"airflow.dag_processing.dagbag.BundleDagBag","filename":"dagbag.py","lineno":460}
{"timestamp":"2026-07-24T17:14:38.487213Z","level":"warning","event":"The `airflow.operators.bash.BashOperator` attribute is deprecated. Please use `'airflow.providers.standard.operators.bash.BashOperator'`.","category":"UserWarning","filename":"/opt/airflow/dags/orchestrate.py","lineno":3,"logger":"py.warnings"}
{"timestamp":"2026-07-24T17:15:08.886028Z","level":"info","event":"Filling up the DagBag from /opt/airflow/dags/orchestrate.py","logger":"airflow.dag_processing.dagbag.BundleDagBag","filename":"dagbag.py","lineno":460}
{"timestamp":"2026-07-24T17:15:09.874798Z","level":"warning","event":"The `airflow.operators.bash.BashOperator` attribute is deprecated. Please use `'airflow.providers.standard.operators.bash.BashOperator'`.","category":"UserWarning","filename":"/opt/airflow/dags/orchestrate.py","lineno":3,"logger":"py.warnings"}
{"timestamp":"2026-07-24T17:15:40.328446Z","level":"info","event":"Filling up the DagBag from /opt/airflow/dags/orchestrate.py","logger":"airflow.dag_processing.dagbag.BundleDagBag","filename":"dagbag.py","lineno":460}
{"timestamp":"2026-07-24T17:15:41.226705Z","level":"warning","event":"The `airflow.operators.bash.BashOperator` attribute is deprecated. Please use `'airflow.providers.standard.operators.bash.BashOperator'`.","category":"UserWarning","filename":"/opt/airflow/dags/orchestrate.py","lineno":3,"logger":"py.warnings"}
{"timestamp":"2026-07-24T17:16:11.745683Z","level":"info","event":"Filling up the DagBag from /opt/airflow/dags/orchestrate.py","logger":"airflow.dag_processing.dagbag.BundleDagBag","filename":"dagbag.py","lineno":460}
{"timestamp":"2026-07-24T17:16:12.742092Z","level":"warning","event":"The `airflow.operators.bash.BashOperator` attribute is deprecated. Please use `'airflow.providers.standard.operators.bash.BashOperator'`.","category":"UserWarning","filename":"/opt/airflow/dags/orchestrate.py","lineno":3,"logger":"py.warnings"}
{"timestamp":"2026-07-24T17:16:43.146746Z","level":"info","event":"Filling up the DagBag from /opt/airflow/dags/orchestrate.py","logger":"airflow.dag_processing.dagbag.BundleDagBag","filename":"dagbag.py","lineno":460}
{"timestamp":"2026-07-24T17:16:44.078588Z","level":"warning","event":"The `airflow.operators.bash.BashOperator` attribute is deprecated. Please use `'airflow.providers.standard.operators.bash.BashOperator'`.","category":"UserWarning","filename":"/opt/airflow/dags/orchestrate.py","lineno":3,"logger":"py.warnings"}
{"timestamp":"2026-07-24T17:17:14.506838Z","level":"info","event":"Filling up the DagBag from /opt/airflow/dags/orchestrate.py","logger":"airflow.dag_processing.dagbag.BundleDagBag","filename":"dagbag.py","lineno":460}
{"timestamp":"2026-07-24T17:17:15.460852Z","level":"warning","event":"The `airflow.operators.bash.BashOperator` attribute is deprecated. Please use `'airflow.providers.standard.operators.bash.BashOperator'`.","category":"UserWarning","filename":"/opt/airflow/dags/orchestrate.py","lineno":3,"logger":"py.warnings"}
{"timestamp":"2026-07-24T17:17:45.880800Z","level":"info","event":"Filling up the DagBag from /opt/airflow/dags/orchestrate.py","logger":"airflow.dag_processing.dagbag.BundleDagBag","filename":"dagbag.py","lineno":460}
{"timestamp":"2026-07-24T17:17:46.853513Z","level":"warning","event":"The `airflow.operators.bash.BashOperator` attribute is deprecated. Please use `'airflow.providers.standard.operators.bash.BashOperator'`.","category":"UserWarning","filename":"/opt/airflow/dags/orchestrate.py","lineno":3,"logger":"py.warnings"}
{"timestamp":"2026-07-24T17:18:17.354359Z","level":"info","event":"Filling up the DagBag from /opt/airflow/dags/orchestrate.py","logger":"airflow.dag_processing.dagbag.BundleDagBag","filename":"dagbag.py","lineno":460}
{"timestamp":"2026-07-24T17:18:18.315598Z","level":"warning","event":"The `airflow.operators.bash.BashOperator` attribute is deprecated. Please use `'airflow.providers.standard.operators.bash.BashOperator'`.","category":"UserWarning","filename":"/opt/airflow/dags/orchestrate.py","lineno":3,"logger":"py.warnings"}
{"timestamp":"2026-07-24T17:18:48.878300Z","level":"info","event":"Filling up the DagBag from /opt/airflow/dags/orchestrate.py","logger":"airflow.dag_processing.dagbag.BundleDagBag","filename":"dagbag.py","lineno":460}
{"timestamp":"2026-07-24T17:18:49.830260Z","level":"warning","event":"The `airflow.operators.bash.BashOperator` attribute is deprecated. Please use `'airflow.providers.standard.operators.bash.BashOperator'`.","category":"UserWarning","filename":"/opt/airflow/dags/orchestrate.py","lineno":3,"logger":"py.warnings"}
{"timestamp":"2026-07-24T17:19:20.269263Z","level":"info","event":"Filling up the DagBag from /opt/airflow/dags/orchestrate.py","logger":"airflow.dag_processing.dagbag.BundleDagBag","filename":"dagbag.py","lineno":460}
{"timestamp":"2026-07-24T17:19:21.251329Z","level":"warning","event":"The `airflow.operators.bash.BashOperator` attribute is deprecated. Please use `'airflow.providers.standard.operators.bash.BashOperator'`.","category":"UserWarning","filename":"/opt/airflow/dags/orchestrate.py","lineno":3,"logger":"py.warnings"}
{"timestamp":"2026-07-24T17:19:51.671234Z","level":"info","event":"Filling up the DagBag from /opt/airflow/dags/orchestrate.py","logger":"airflow.dag_processing.dagbag.BundleDagBag","filename":"dagbag.py","lineno":460}
{"timestamp":"2026-07-24T17:19:52.563691Z","level":"warning","event":"The `airflow.operators.bash.BashOperator` attribute is deprecated. Please use `'airflow.providers.standard.operators.bash.BashOperator'`.","category":"UserWarning","filename":"/opt/airflow/dags/orchestrate.py","lineno":3,"logger":"py.warnings"}
{"timestamp":"2026-07-24T17:20:22.957802Z","level":"info","event":"Filling up the DagBag from /opt/airflow/dags/orchestrate.py","logger":"airflow.dag_processing.dagbag.BundleDagBag","filename":"dagbag.py","lineno":460}
{"timestamp":"2026-07-24T17:20:23.837205Z","level":"warning","event":"The `airflow.operators.bash.BashOperator` attribute is deprecated. Please use `'airflow.providers.standard.operators.bash.BashOperator'`.","category":"UserWarning","filename":"/opt/airflow/dags/orchestrate.py","lineno":3,"logger":"py.warnings"}
{"timestamp":"2026-07-24T17:20:54.299649Z","level":"info","event":"Filling up the DagBag from /opt/airflow/dags/orchestrate.py","logger":"airflow.dag_processing.dagbag.BundleDagBag","filename":"dagbag.py","lineno":460}
{"timestamp":"2026-07-24T17:20:55.225536Z","level":"warning","event":"The `airflow.operators.bash.BashOperator` attribute is deprecated. Please use `'airflow.providers.standard.operators.bash.BashOperator'`.","category":"UserWarning","filename":"/opt/airflow/dags/orchestrate.py","lineno":3,"logger":"py.warnings"}
{"timestamp":"2026-07-24T17:21:25.695214Z","level":"info","event":"Filling up the DagBag from /opt/airflow/dags/orchestrate.py","logger":"airflow.dag_processing.dagbag.BundleDagBag","filename":"dagbag.py","lineno":460}
{"timestamp":"2026-07-24T17:21:26.623906Z","level":"warning","event":"The `airflow.operators.bash.BashOperator` attribute is deprecated. Please use `'airflow.providers.standard.operators.bash.BashOperator'`.","category":"UserWarning","filename":"/opt/airflow/dags/orchestrate.py","lineno":3,"logger":"py.warnings"}
{"timestamp":"2026-07-24T17:21:57.015058Z","level":"info","event":"Filling up the DagBag from /opt/airflow/dags/orchestrate.py","logger":"airflow.dag_processing.dagbag.BundleDagBag","filename":"dagbag.py","lineno":460}
{"timestamp":"2026-07-24T17:21:57.952126Z","level":"warning","event":"The `airflow.operators.bash.BashOperator` attribute is deprecated. Please use `'airflow.providers.standard.operators.bash.BashOperator'`.","category":"UserWarning","filename":"/opt/airflow/dags/orchestrate.py","lineno":3,"logger":"py.warnings"}
{"timestamp":"2026-07-24T17:22:28.416676Z","level":"info","event":"Filling up the DagBag from /opt/airflow/dags/orchestrate.py","logger":"airflow.dag_processing.dagbag.BundleDagBag","filename":"dagbag.py","lineno":460}
{"timestamp":"2026-07-24T17:22:29.500314Z","level":"warning","event":"The `airflow.operators.bash.BashOperator` attribute is deprecated. Please use `'airflow.providers.standard.operators.bash.BashOperator'`.","category":"UserWarning","filename":"/opt/airflow/dags/orchestrate.py","lineno":3,"logger":"py.warnings"}
{"timestamp":"2026-07-24T17:22:59.873099Z","level":"info","event":"Filling up the DagBag from /opt/airflow/dags/orchestrate.py","logger":"airflow.dag_processing.dagbag.BundleDagBag","filename":"dagbag.py","lineno":460}
{"timestamp":"2026-07-24T17:23:00.875740Z","level":"warning","event":"The `airflow.operators.bash.BashOperator` attribute is deprecated. Please use `'airflow.providers.standard.operators.bash.BashOperator'`.","category":"UserWarning","filename":"/opt/airflow/dags/orchestrate.py","lineno":3,"logger":"py.warnings"}
{"timestamp":"2026-07-24T17:23:31.257381Z","level":"info","event":"Filling up the DagBag from /opt/airflow/dags/orchestrate.py","logger":"airflow.dag_processing.dagbag.BundleDagBag","filename":"dagbag.py","lineno":460}
{"timestamp":"2026-07-24T17:23:32.243213Z","level":"warning","event":"The `airflow.operators.bash.BashOperator` attribute is deprecated. Please use `'airflow.providers.standard.operators.bash.BashOperator'`.","category":"UserWarning","filename":"/opt/airflow/dags/orchestrate.py","lineno":3,"logger":"py.warnings"}
{"timestamp":"2026-07-24T17:24:02.661756Z","level":"info","event":"Filling up the DagBag from /opt/airflow/dags/orchestrate.py","logger":"airflow.dag_processing.dagbag.BundleDagBag","filename":"dagbag.py","lineno":460}
{"timestamp":"2026-07-24T17:24:03.672677Z","level":"warning","event":"The `airflow.operators.bash.BashOperator` attribute is deprecated. Please use `'airflow.providers.standard.operators.bash.BashOperator'`.","category":"UserWarning","filename":"/opt/airflow/dags/orchestrate.py","lineno":3,"logger":"py.warnings"}
{"timestamp":"2026-07-24T17:24:34.079738Z","level":"info","event":"Filling up the DagBag from /opt/airflow/dags/orchestrate.py","logger":"airflow.dag_processing.dagbag.BundleDagBag","filename":"dagbag.py","lineno":460}
{"timestamp":"2026-07-24T17:24:35.089686Z","level":"warning","event":"The `airflow.operators.bash.BashOperator` attribute is deprecated. Please use `'airflow.providers.standard.operators.bash.BashOperator'`.","category":"UserWarning","filename":"/opt/airflow/dags/orchestrate.py","lineno":3,"logger":"py.warnings"}
{"timestamp":"2026-07-24T17:25:05.561317Z","level":"info","event":"Filling up the DagBag from /opt/airflow/dags/orchestrate.py","logger":"airflow.dag_processing.dagbag.BundleDagBag","filename":"dagbag.py","lineno":460}
{"timestamp":"2026-07-24T17:25:06.548790Z","level":"warning","event":"The `airflow.operators.bash.BashOperator` attribute is deprecated. Please use `'airflow.providers.standard.operators.bash.BashOperator'`.","category":"UserWarning","filename":"/opt/airflow/dags/orchestrate.py","lineno":3,"logger":"py.warnings"}
{"timestamp":"2026-07-24T17:25:36.953297Z","level":"info","event":"Filling up the DagBag from /opt/airflow/dags/orchestrate.py","logger":"airflow.dag_processing.dagbag.BundleDagBag","filename":"dagbag.py","lineno":460}
{"timestamp":"2026-07-24T17:25:38.090252Z","level":"warning","event":"The `airflow.operators.bash.BashOperator` attribute is deprecated. Please use `'airflow.providers.standard.operators.bash.BashOperator'`.","category":"UserWarning","filename":"/opt/airflow/dags/orchestrate.py","lineno":3,"logger":"py.warnings"}
{"timestamp":"2026-07-24T17:26:08.510707Z","level":"info","event":"Filling up the DagBag from /opt/airflow/dags/orchestrate.py","logger":"airflow.dag_processing.dagbag.BundleDagBag","filename":"dagbag.py","lineno":460}
{"timestamp":"2026-07-24T17:26:09.473134Z","level":"warning","event":"The `airflow.operators.bash.BashOperator` attribute is deprecated. Please use `'airflow.providers.standard.operators.bash.BashOperator'`.","category":"UserWarning","filename":"/opt/airflow/dags/orchestrate.py","lineno":3,"logger":"py.warnings"}
{"timestamp":"2026-07-24T17:26:39.924048Z","level":"info","event":"Filling up the DagBag from /opt/airflow/dags/orchestrate.py","logger":"airflow.dag_processing.dagbag.BundleDagBag","filename":"dagbag.py","lineno":460}
{"timestamp":"2026-07-24T17:26:40.989307Z","level":"warning","event":"The `airflow.operators.bash.BashOperator` attribute is deprecated. Please use `'airflow.providers.standard.operators.bash.BashOperator'`.","category":"UserWarning","filename":"/opt/airflow/dags/orchestrate.py","lineno":3,"logger":"py.warnings"}
{"timestamp":"2026-07-24T17:27:11.384484Z","level":"info","event":"Filling up the DagBag from /opt/airflow/dags/orchestrate.py","logger":"airflow.dag_processing.dagbag.BundleDagBag","filename":"dagbag.py","lineno":460}
{"timestamp":"2026-07-24T17:27:12.347068Z","level":"warning","event":"The `airflow.operators.bash.BashOperator` attribute is deprecated. Please use `'airflow.providers.standard.operators.bash.BashOperator'`.","category":"UserWarning","filename":"/opt/airflow/dags/orchestrate.py","lineno":3,"logger":"py.warnings"}
{"timestamp":"2026-07-24T17:27:42.749694Z","level":"info","event":"Filling up the DagBag from /opt/airflow/dags/orchestrate.py","logger":"airflow.dag_processing.dagbag.BundleDagBag","filename":"dagbag.py","lineno":460}
{"timestamp":"2026-07-24T17:27:43.798918Z","level":"warning","event":"The `airflow.operators.bash.BashOperator` attribute is deprecated. Please use `'airflow.providers.standard.operators.bash.BashOperator'`.","category":"UserWarning","filename":"/opt/airflow/dags/orchestrate.py","lineno":3,"logger":"py.warnings"}
{"timestamp":"2026-07-24T17:28:14.170382Z","level":"info","event":"Filling up the DagBag from /opt/airflow/dags/orchestrate.py","logger":"airflow.dag_processing.dagbag.BundleDagBag","filename":"dagbag.py","lineno":460}
{"timestamp":"2026-07-24T17:28:15.247778Z","level":"warning","event":"The `airflow.operators.bash.BashOperator` attribute is deprecated. Please use `'airflow.providers.standard.operators.bash.BashOperator'`.","category":"UserWarning","filename":"/opt/airflow/dags/orchestrate.py","lineno":3,"logger":"py.warnings"}
{"timestamp":"2026-07-24T17:28:45.667501Z","level":"info","event":"Filling up the DagBag from /opt/airflow/dags/orchestrate.py","logger":"airflow.dag_processing.dagbag.BundleDagBag","filename":"dagbag.py","lineno":460}
{"timestamp":"2026-07-24T17:28:46.686278Z","level":"warning","event":"The `airflow.operators.bash.BashOperator` attribute is deprecated. Please use `'airflow.providers.standard.operators.bash.BashOperator'`.","category":"UserWarning","filename":"/opt/airflow/dags/orchestrate.py","lineno":3,"logger":"py.warnings"}
{"timestamp":"2026-07-24T17:29:17.138720Z","level":"info","event":"Filling up the DagBag from /opt/airflow/dags/orchestrate.py","logger":"airflow.dag_processing.dagbag.BundleDagBag","filename":"dagbag.py","lineno":460}
{"timestamp":"2026-07-24T17:29:18.194174Z","level":"warning","event":"The `airflow.operators.bash.BashOperator` attribute is deprecated. Please use `'airflow.providers.standard.operators.bash.BashOperator'`.","category":"UserWarning","filename":"/opt/airflow/dags/orchestrate.py","lineno":3,"logger":"py.warnings"}
{"timestamp":"2026-07-24T17:29:48.611314Z","level":"info","event":"Filling up the DagBag from /opt/airflow/dags/orchestrate.py","logger":"airflow.dag_processing.dagbag.BundleDagBag","filename":"dagbag.py","lineno":460}
{"timestamp":"2026-07-24T17:29:49.575149Z","level":"warning","event":"The `airflow.operators.bash.BashOperator` attribute is deprecated. Please use `'airflow.providers.standard.operators.bash.BashOperator'`.","category":"UserWarning","filename":"/opt/airflow/dags/orchestrate.py","lineno":3,"logger":"py.warnings"}
{"timestamp":"2026-07-24T17:30:04.911162Z","level":"info","event":"Filling up the DagBag from /opt/airflow/dags/orchestrate.py","logger":"airflow.dag_processing.dagbag.BundleDagBag","filename":"dagbag.py","lineno":460}
{"timestamp":"2026-07-24T17:30:06.005713Z","level":"warning","event":"The `airflow.operators.bash.BashOperator` attribute is deprecated. Please use `'airflow.providers.standard.operators.bash.BashOperator'`.","category":"UserWarning","filename":"/opt/airflow/dags/orchestrate.py","lineno":3,"logger":"py.warnings"}
{"timestamp":"2026-07-24T17:30:16.225441Z","level":"info","event":"Filling up the DagBag from /opt/airflow/dags/orchestrate.py","logger":"airflow.dag_processing.dagbag.BundleDagBag","filename":"dagbag.py","lineno":460}
{"timestamp":"2026-07-24T17:30:17.214081Z","level":"warning","event":"The `airflow.operators.bash.BashOperator` attribute is deprecated. Please use `'airflow.providers.standard.operators.bash.BashOperator'`.","category":"UserWarning","filename":"/opt/airflow/dags/orchestrate.py","lineno":3,"logger":"py.warnings"}
{"timestamp":"2026-07-24T17:30:47.656028Z","level":"info","event":"Filling up the DagBag from /opt/airflow/dags/orchestrate.py","logger":"airflow.dag_processing.dagbag.BundleDagBag","filename":"dagbag.py","lineno":460}
{"timestamp":"2026-07-24T17:30:48.697911Z","level":"warning","event":"The `airflow.operators.bash.BashOperator` attribute is deprecated. Please use `'airflow.providers.standard.operators.bash.BashOperator'`.","category":"UserWarning","filename":"/opt/airflow/dags/orchestrate.py","lineno":3,"logger":"py.warnings"}
{"timestamp":"2026-07-24T17:31:04.086045Z","level":"info","event":"Filling up the DagBag from /opt/airflow/dags/orchestrate.py","logger":"airflow.dag_processing.dagbag.BundleDagBag","filename":"dagbag.py","lineno":460}
{"timestamp":"2026-07-24T17:31:05.286368Z","level":"error","event":"Failed to import: /opt/airflow/dags/orchestrate.py","logger":"airflow.dag_processing.importers.python_importer","filename":"python_importer.py","lineno":244,"error_detail":[{"exc_type":"ParamValidationError","exc_value":"All provided parameters must be json-serializable. The value '<function orchestrate at 0x7e15381ddda0>' is not serializable.","exc_notes":[],"syntax_error":null,"is_cause":false,"frames":[{"filename":"/home/airflow/.local/lib/python3.13/site-packages/airflow/dag_processing/importers/python_importer.py","lineno":238,"name":"parse"},{"filename":"<frozen importlib._bootstrap_external>","lineno":1023,"name":"exec_module"},{"filename":"<frozen importlib._bootstrap>","lineno":488,"name":"_call_with_frames_removed"},{"filename":"/opt/airflow/dags/orchestrate.py","lineno":7,"name":"<module>"},{"filename":"/home/airflow/.local/lib/python3.13/site-packages/airflow/sdk/definitions/dag.py","lineno":1689,"name":"factory"},{"filename":"/home/airflow/.local/lib/python3.13/site-packages/airflow/sdk/definitions/dag.py","lineno":793,"name":"param"},{"filename":"/home/airflow/.local/lib/python3.13/site-packages/airflow/sdk/definitions/param.py","lineno":323,"name":"__init__"},{"filename":"/home/airflow/.local/lib/python3.13/site-packages/airflow/sdk/definitions/param.py","lineno":229,"name":"__setitem__"},{"filename":"/home/airflow/.local/lib/python3.13/site-packages/airflow/sdk/definitions/param.py","lineno":62,"name":"__init__"},{"filename":"/home/airflow/.local/lib/python3.13/site-packages/airflow/sdk/definitions/param.py","lineno":81,"name":"_check_json"}],"is_group":false,"exceptions":[]},{"exc_type":"TypeError","exc_value":"Object of type function is not JSON serializable","exc_notes":[],"syntax_error":null,"is_cause":false,"frames":[{"filename":"/home/airflow/.local/lib/python3.13/site-packages/airflow/sdk/definitions/param.py","lineno":79,"name":"_check_json"},{"filename":"/usr/python/lib/python3.13/json/__init__.py","lineno":235,"name":"dumps"},{"filename":"/usr/python/lib/python3.13/json/encoder.py","lineno":202,"name":"encode"},{"filename":"/usr/python/lib/python3.13/json/encoder.py","lineno":263,"name":"iterencode"},{"filename":"/usr/python/lib/python3.13/json/encoder.py","lineno":182,"name":"default"}],"is_group":false,"exceptions":[]}]}
{"timestamp":"2026-07-24T17:31:05.293616Z","level":"error","event":"Error loading DAG from orchestrate.py: All provided parameters must be json-serializable. The value '<function orchestrate at 0x7e15381ddda0>' is not serializable.","logger":"airflow.dag_processing.dagbag.BundleDagBag","filename":"dagbag.py","lineno":319}
{"timestamp":"2026-07-24T17:31:05.293797Z","level":"warning","event":"The `airflow.operators.bash.BashOperator` attribute is deprecated. Please use `'airflow.providers.standard.operators.bash.BashOperator'`.","category":"UserWarning","filename":"/opt/airflow/dags/orchestrate.py","lineno":3,"logger":"py.warnings"}
{"timestamp":"2026-07-24T17:31:18.546512Z","level":"info","event":"Filling up the DagBag from /opt/airflow/dags/orchestrate.py","logger":"airflow.dag_processing.dagbag.BundleDagBag","filename":"dagbag.py","lineno":460}
{"timestamp":"2026-07-24T17:31:19.711600Z","level":"error","event":"Failed to import: /opt/airflow/dags/orchestrate.py","logger":"airflow.dag_processing.importers.python_importer","filename":"python_importer.py","lineno":244,"error_detail":[{"exc_type":"NameError","exc_value":"name 'orchestrate' is not defined","exc_notes":[],"syntax_error":null,"is_cause":false,"frames":[{"filename":"/home/airflow/.local/lib/python3.13/site-packages/airflow/dag_processing/importers/python_importer.py","lineno":238,"name":"parse"},{"filename":"<frozen importlib._bootstrap_external>","lineno":1023,"name":"exec_module"},{"filename":"<frozen importlib._bootstrap>","lineno":488,"name":"_call_with_frames_removed"},{"filename":"/opt/airflow/dags/orchestrate.py","lineno":8,"name":"<module>"}],"is_group":false,"exceptions":[]}]}
{"timestamp":"2026-07-24T17:31:19.722854Z","level":"error","event":"Error loading DAG from orchestrate.py: name 'orchestrate' is not defined","logger":"airflow.dag_processing.dagbag.BundleDagBag","filename":"dagbag.py","lineno":319}
{"timestamp":"2026-07-24T17:31:19.723121Z","level":"warning","event":"The `airflow.operators.bash.BashOperator` attribute is deprecated. Please use `'airflow.providers.standard.operators.bash.BashOperator'`.","category":"UserWarning","filename":"/opt/airflow/dags/orchestrate.py","lineno":3,"logger":"py.warnings"}
{"timestamp":"2026-07-24T17:31:28.985017Z","level":"info","event":"Filling up the DagBag from /opt/airflow/dags/orchestrate.py","logger":"airflow.dag_processing.dagbag.BundleDagBag","filename":"dagbag.py","lineno":460}
{"timestamp":"2026-07-24T17:31:30.002096Z","level":"warning","event":"The `airflow.operators.bash.BashOperator` attribute is deprecated. Please use `'airflow.providers.standard.operators.bash.BashOperator'`.","category":"UserWarning","filename":"/opt/airflow/dags/orchestrate.py","lineno":3,"logger":"py.warnings"}
{"timestamp":"2026-07-24T17:31:33.128514Z","level":"info","event":"Filling up the DagBag from /opt/airflow/dags/orchestrate.py","logger":"airflow.dag_processing.dagbag.BundleDagBag","filename":"dagbag.py","lineno":460}
{"timestamp":"2026-07-24T17:31:34.186084Z","level":"warning","event":"The `airflow.operators.bash.BashOperator` attribute is deprecated. Please use `'airflow.providers.standard.operators.bash.BashOperator'`.","category":"UserWarning","filename":"/opt/airflow/dags/orchestrate.py","lineno":3,"logger":"py.warnings"}
{"timestamp":"2026-07-24T17:31:38.323466Z","level":"info","event":"Filling up the DagBag from /opt/airflow/dags/orchestrate.py","logger":"airflow.dag_processing.dagbag.BundleDagBag","filename":"dagbag.py","lineno":460}
{"timestamp":"2026-07-24T17:31:38.342390Z","level":"error","event":"Failed to import: /opt/airflow/dags/orchestrate.py","logger":"airflow.dag_processing.importers.python_importer","filename":"python_importer.py","lineno":244,"error_detail":[{"exc_type":"SyntaxError","exc_value":"expected argument value expression (orchestrate.py, line 9)","exc_notes":[],"syntax_error":{"offset":9,"filename":"/opt/airflow/dags/orchestrate.py","line":"        schedule=\n","lineno":9,"msg":"expected argument value expression"},"is_cause":false,"frames":[{"filename":"/home/airflow/.local/lib/python3.13/site-packages/airflow/dag_processing/importers/python_importer.py","lineno":238,"name":"parse"},{"filename":"<frozen importlib._bootstrap_external>","lineno":1019,"name":"exec_module"},{"filename":"<frozen importlib._bootstrap_external>","lineno":1157,"name":"get_code"},{"filename":"<frozen importlib._bootstrap_external>","lineno":1087,"name":"source_to_code"},{"filename":"<frozen importlib._bootstrap>","lineno":488,"name":"_call_with_frames_removed"}],"is_group":false,"exceptions":[]}]}
{"timestamp":"2026-07-24T17:31:38.381457Z","level":"error","event":"Error loading DAG from orchestrate.py: expected argument value expression (orchestrate.py, line 9)","logger":"airflow.dag_processing.dagbag.BundleDagBag","filename":"dagbag.py","lineno":319}
{"timestamp":"2026-07-24T17:32:01.703013Z","level":"info","event":"Filling up the DagBag from /opt/airflow/dags/orchestrate.py","logger":"airflow.dag_processing.dagbag.BundleDagBag","filename":"dagbag.py","lineno":460}
{"timestamp":"2026-07-24T17:32:02.847958Z","level":"warning","event":"The `airflow.operators.bash.BashOperator` attribute is deprecated. Please use `'airflow.providers.standard.operators.bash.BashOperator'`.","category":"UserWarning","filename":"/opt/airflow/dags/orchestrate.py","lineno":3,"logger":"py.warnings"}
{"timestamp":"2026-07-24T17:32:02.851998Z","level":"error","event":"Error bagging DAG from /opt/airflow/dags/orchestrate.py","logger":"airflow.dag_processing.dagbag.BundleDagBag","filename":"dagbag.py","lineno":348,"error_detail":[{"exc_type":"AirflowTimetableInvalid","exc_value":"Exactly 5, 6 or 7 columns has to be specified for iterator expression.","exc_notes":[],"syntax_error":null,"is_cause":false,"frames":[{"filename":"/home/airflow/.local/lib/python3.13/site-packages/airflow/dag_processing/dagbag.py","lineno":341,"name":"process_file"},{"filename":"/home/airflow/.local/lib/python3.13/site-packages/airflow/sdk/definitions/dag.py","lineno":763,"name":"validate"},{"filename":"/home/airflow/.local/lib/python3.13/site-packages/airflow/sdk/definitions/timetables/_cron.py","lineno":59,"name":"validate"}],"is_group":false,"exceptions":[]},{"exc_type":"CroniterBadCronError","exc_value":"Exactly 5, 6 or 7 columns has to be specified for iterator expression.","exc_notes":[],"syntax_error":null,"is_cause":false,"frames":[{"filename":"/home/airflow/.local/lib/python3.13/site-packages/airflow/sdk/definitions/timetables/_cron.py","lineno":57,"name":"validate"},{"filename":"/home/airflow/.local/lib/python3.13/site-packages/croniter/croniter.py","lineno":329,"name":"__init__"},{"filename":"/home/airflow/.local/lib/python3.13/site-packages/croniter/croniter.py","lineno":936,"name":"_expand"}],"is_group":false,"exceptions":[]}]}
{"timestamp":"2026-07-24T17:32:11.064612Z","level":"info","event":"Filling up the DagBag from /opt/airflow/dags/orchestrate.py","logger":"airflow.dag_processing.dagbag.BundleDagBag","filename":"dagbag.py","lineno":460}
{"timestamp":"2026-07-24T17:32:12.036737Z","level":"warning","event":"The `airflow.operators.bash.BashOperator` attribute is deprecated. Please use `'airflow.providers.standard.operators.bash.BashOperator'`.","category":"UserWarning","filename":"/opt/airflow/dags/orchestrate.py","lineno":3,"logger":"py.warnings"}
{"timestamp":"2026-07-24T17:32:22.237014Z","level":"info","event":"Filling up the DagBag from /opt/airflow/dags/orchestrate.py","logger":"airflow.dag_processing.dagbag.BundleDagBag","filename":"dagbag.py","lineno":460}
{"timestamp":"2026-07-24T17:32:22.271067Z","level":"error","event":"Failed to import: /opt/airflow/dags/orchestrate.py","logger":"airflow.dag_processing.importers.python_importer","filename":"python_importer.py","lineno":244,"error_detail":[{"exc_type":"SyntaxError","exc_value":"expected argument value expression (orchestrate.py, line 10)","exc_notes":[],"syntax_error":{"offset":9,"filename":"/opt/airflow/dags/orchestrate.py","line":"        start_date=\n","lineno":10,"msg":"expected argument value expression"},"is_cause":false,"frames":[{"filename":"/home/airflow/.local/lib/python3.13/site-packages/airflow/dag_processing/importers/python_importer.py","lineno":238,"name":"parse"},{"filename":"<frozen importlib._bootstrap_external>","lineno":1019,"name":"exec_module"},{"filename":"<frozen importlib._bootstrap_external>","lineno":1157,"name":"get_code"},{"filename":"<frozen importlib._bootstrap_external>","lineno":1087,"name":"source_to_code"},{"filename":"<frozen importlib._bootstrap>","lineno":488,"name":"_call_with_frames_removed"}],"is_group":false,"exceptions":[]}]}
{"timestamp":"2026-07-24T17:32:22.271969Z","level":"error","event":"Error loading DAG from orchestrate.py: expected argument value expression (orchestrate.py, line 10)","logger":"airflow.dag_processing.dagbag.BundleDagBag","filename":"dagbag.py","lineno":319}
{"timestamp":"2026-07-24T17:32:43.624235Z","level":"info","event":"Filling up the DagBag from /opt/airflow/dags/orchestrate.py","logger":"airflow.dag_processing.dagbag.BundleDagBag","filename":"dagbag.py","lineno":460}
{"timestamp":"2026-07-24T17:32:43.651102Z","level":"error","event":"Failed to import: /opt/airflow/dags/orchestrate.py","logger":"airflow.dag_processing.importers.python_importer","filename":"python_importer.py","lineno":244,"error_detail":[{"exc_type":"SyntaxError","exc_value":"expected argument value expression (orchestrate.py, line 10)","exc_notes":[],"syntax_error":{"offset":9,"filename":"/opt/airflow/dags/orchestrate.py","line":"        catchup=\n","lineno":10,"msg":"expected argument value expression"},"is_cause":false,"frames":[{"filename":"/home/airflow/.local/lib/python3.13/site-packages/airflow/dag_processing/importers/python_importer.py","lineno":238,"name":"parse"},{"filename":"<frozen importlib._bootstrap_external>","lineno":1019,"name":"exec_module"},{"filename":"<frozen importlib._bootstrap_external>","lineno":1157,"name":"get_code"},{"filename":"<frozen importlib._bootstrap_external>","lineno":1087,"name":"source_to_code"},{"filename":"<frozen importlib._bootstrap>","lineno":488,"name":"_call_with_frames_removed"}],"is_group":false,"exceptions":[]}]}
{"timestamp":"2026-07-24T17:32:43.652416Z","level":"error","event":"Error loading DAG from orchestrate.py: expected argument value expression (orchestrate.py, line 10)","logger":"airflow.dag_processing.dagbag.BundleDagBag","filename":"dagbag.py","lineno":319}
{"timestamp":"2026-07-24T17:32:50.045145Z","level":"info","event":"Filling up the DagBag from /opt/airflow/dags/orchestrate.py","logger":"airflow.dag_processing.dagbag.BundleDagBag","filename":"dagbag.py","lineno":460}
{"timestamp":"2026-07-24T17:32:50.076917Z","level":"error","event":"Failed to import: /opt/airflow/dags/orchestrate.py","logger":"airflow.dag_processing.importers.python_importer","filename":"python_importer.py","lineno":244,"error_detail":[{"exc_type":"SyntaxError","exc_value":"expected argument value expression (orchestrate.py, line 10)","exc_notes":[],"syntax_error":{"offset":9,"filename":"/opt/airflow/dags/orchestrate.py","line":"        catchup=\n","lineno":10,"msg":"expected argument value expression"},"is_cause":false,"frames":[{"filename":"/home/airflow/.local/lib/python3.13/site-packages/airflow/dag_processing/importers/python_importer.py","lineno":238,"name":"parse"},{"filename":"<frozen importlib._bootstrap_external>","lineno":1019,"name":"exec_module"},{"filename":"<frozen importlib._bootstrap_external>","lineno":1157,"name":"get_code"},{"filename":"<frozen importlib._bootstrap_external>","lineno":1087,"name":"source_to_code"},{"filename":"<frozen importlib._bootstrap>","lineno":488,"name":"_call_with_frames_removed"}],"is_group":false,"exceptions":[]}]}
{"timestamp":"2026-07-24T17:32:50.077898Z","level":"error","event":"Error loading DAG from orchestrate.py: expected argument value expression (orchestrate.py, line 10)","logger":"airflow.dag_processing.dagbag.BundleDagBag","filename":"dagbag.py","lineno":319}
{"timestamp":"2026-07-24T17:32:57.296132Z","level":"info","event":"Filling up the DagBag from /opt/airflow/dags/orchestrate.py","logger":"airflow.dag_processing.dagbag.BundleDagBag","filename":"dagbag.py","lineno":460}
{"timestamp":"2026-07-24T17:32:58.390825Z","level":"error","event":"Failed to import: /opt/airflow/dags/orchestrate.py","logger":"airflow.dag_processing.importers.python_importer","filename":"python_importer.py","lineno":244,"error_detail":[{"exc_type":"ValueError","exc_value":"start_date is required when catchup=True","exc_notes":[],"syntax_error":null,"is_cause":false,"frames":[{"filename":"/home/airflow/.local/lib/python3.13/site-packages/airflow/dag_processing/importers/python_importer.py","lineno":238,"name":"parse"},{"filename":"<frozen importlib._bootstrap_external>","lineno":1023,"name":"exec_module"},{"filename":"<frozen importlib._bootstrap>","lineno":488,"name":"_call_with_frames_removed"},{"filename":"/opt/airflow/dags/orchestrate.py","lineno":95,"name":"<module>"},{"filename":"/home/airflow/.local/lib/python3.13/site-packages/airflow/sdk/definitions/dag.py","lineno":1680,"name":"factory"},{"filename":"<attrs generated methods airflow.sdk.definitions.dag.DAG>","lineno":90,"name":"__init__"},{"filename":"/home/airflow/.local/lib/python3.13/site-packages/airflow/sdk/definitions/dag.py","lineno":623,"name":"_validate_catchup"}],"is_group":false,"exceptions":[]}]}
{"timestamp":"2026-07-24T17:32:58.393756Z","level":"error","event":"Error loading DAG from orchestrate.py: start_date is required when catchup=True","logger":"airflow.dag_processing.dagbag.BundleDagBag","filename":"dagbag.py","lineno":319}
{"timestamp":"2026-07-24T17:32:58.393940Z","level":"warning","event":"The `airflow.operators.bash.BashOperator` attribute is deprecated. Please use `'airflow.providers.standard.operators.bash.BashOperator'`.","category":"UserWarning","filename":"/opt/airflow/dags/orchestrate.py","lineno":3,"logger":"py.warnings"}
{"timestamp":"2026-07-24T17:32:59.513817Z","level":"info","event":"Filling up the DagBag from /opt/airflow/dags/orchestrate.py","logger":"airflow.dag_processing.dagbag.BundleDagBag","filename":"dagbag.py","lineno":460}
{"timestamp":"2026-07-24T17:33:00.603659Z","level":"error","event":"Failed to import: /opt/airflow/dags/orchestrate.py","logger":"airflow.dag_processing.importers.python_importer","filename":"python_importer.py","lineno":244,"error_detail":[{"exc_type":"ValueError","exc_value":"start_date is required when catchup=True","exc_notes":[],"syntax_error":null,"is_cause":false,"frames":[{"filename":"/home/airflow/.local/lib/python3.13/site-packages/airflow/dag_processing/importers/python_importer.py","lineno":238,"name":"parse"},{"filename":"<frozen importlib._bootstrap_external>","lineno":1023,"name":"exec_module"},{"filename":"<frozen importlib._bootstrap>","lineno":488,"name":"_call_with_frames_removed"},{"filename":"/opt/airflow/dags/orchestrate.py","lineno":95,"name":"<module>"},{"filename":"/home/airflow/.local/lib/python3.13/site-packages/airflow/sdk/definitions/dag.py","lineno":1680,"name":"factory"},{"filename":"<attrs generated methods airflow.sdk.definitions.dag.DAG>","lineno":90,"name":"__init__"},{"filename":"/home/airflow/.local/lib/python3.13/site-packages/airflow/sdk/definitions/dag.py","lineno":623,"name":"_validate_catchup"}],"is_group":false,"exceptions":[]}]}
{"timestamp":"2026-07-24T17:33:00.605675Z","level":"error","event":"Error loading DAG from orchestrate.py: start_date is required when catchup=True","logger":"airflow.dag_processing.dagbag.BundleDagBag","filename":"dagbag.py","lineno":319}
{"timestamp":"2026-07-24T17:33:00.605839Z","level":"warning","event":"The `airflow.operators.bash.BashOperator` attribute is deprecated. Please use `'airflow.providers.standard.operators.bash.BashOperator'`.","category":"UserWarning","filename":"/opt/airflow/dags/orchestrate.py","lineno":3,"logger":"py.warnings"}
{"timestamp":"2026-07-24T17:33:26.282604Z","level":"info","event":"Filling up the DagBag from /opt/airflow/dags/orchestrate.py","logger":"airflow.dag_processing.dagbag.BundleDagBag","filename":"dagbag.py","lineno":460}
{"timestamp":"2026-07-24T17:33:27.374789Z","level":"warning","event":"The `airflow.operators.bash.BashOperator` attribute is deprecated. Please use `'airflow.providers.standard.operators.bash.BashOperator'`.","category":"UserWarning","filename":"/opt/airflow/dags/orchestrate.py","lineno":3,"logger":"py.warnings"}
{"timestamp":"2026-07-24T17:33:32.619196Z","level":"info","event":"Filling up the DagBag from /opt/airflow/dags/orchestrate.py","logger":"airflow.dag_processing.dagbag.BundleDagBag","filename":"dagbag.py","lineno":460}
{"timestamp":"2026-07-24T17:33:32.651236Z","level":"error","event":"Failed to import: /opt/airflow/dags/orchestrate.py","logger":"airflow.dag_processing.importers.python_importer","filename":"python_importer.py","lineno":244,"error_detail":[{"exc_type":"SyntaxError","exc_value":"expected argument value expression (orchestrate.py, line 11)","exc_notes":[],"syntax_error":{"offset":9,"filename":"/opt/airflow/dags/orchestrate.py","line":"        start_date=\n","lineno":11,"msg":"expected argument value expression"},"is_cause":false,"frames":[{"filename":"/home/airflow/.local/lib/python3.13/site-packages/airflow/dag_processing/importers/python_importer.py","lineno":238,"name":"parse"},{"filename":"<frozen importlib._bootstrap_external>","lineno":1019,"name":"exec_module"},{"filename":"<frozen importlib._bootstrap_external>","lineno":1157,"name":"get_code"},{"filename":"<frozen importlib._bootstrap_external>","lineno":1087,"name":"source_to_code"},{"filename":"<frozen importlib._bootstrap>","lineno":488,"name":"_call_with_frames_removed"}],"is_group":false,"exceptions":[]}]}
{"timestamp":"2026-07-24T17:33:32.652365Z","level":"error","event":"Error loading DAG from orchestrate.py: expected argument value expression (orchestrate.py, line 11)","logger":"airflow.dag_processing.dagbag.BundleDagBag","filename":"dagbag.py","lineno":319}
{"timestamp":"2026-07-24T17:33:44.855292Z","level":"info","event":"Filling up the DagBag from /opt/airflow/dags/orchestrate.py","logger":"airflow.dag_processing.dagbag.BundleDagBag","filename":"dagbag.py","lineno":460}
{"timestamp":"2026-07-24T17:33:45.867346Z","level":"error","event":"Failed to import: /opt/airflow/dags/orchestrate.py","logger":"airflow.dag_processing.importers.python_importer","filename":"python_importer.py","lineno":244,"error_detail":[{"exc_type":"AttributeError","exc_value":"'str' object has no attribute 'utcoffset'","exc_notes":[],"syntax_error":null,"is_cause":false,"frames":[{"filename":"/home/airflow/.local/lib/python3.13/site-packages/airflow/dag_processing/importers/python_importer.py","lineno":238,"name":"parse"},{"filename":"<frozen importlib._bootstrap_external>","lineno":1023,"name":"exec_module"},{"filename":"<frozen importlib._bootstrap>","lineno":488,"name":"_call_with_frames_removed"},{"filename":"/opt/airflow/dags/orchestrate.py","lineno":96,"name":"<module>"},{"filename":"/home/airflow/.local/lib/python3.13/site-packages/airflow/sdk/definitions/dag.py","lineno":1680,"name":"factory"},{"filename":"<attrs generated methods airflow.sdk.definitions.dag.DAG>","lineno":96,"name":"__init__"},{"filename":"/home/airflow/.local/lib/python3.13/site-packages/airflow/sdk/definitions/dag.py","lineno":581,"name":"__attrs_post_init__"},{"filename":"/home/airflow/.local/lib/python3.13/site-packages/airflow/sdk/_shared/timezones/timezone.py","lineno":95,"name":"convert_to_utc"},{"filename":"/home/airflow/.local/lib/python3.13/site-packages/airflow/sdk/_shared/timezones/timezone.py","lineno":56,"name":"is_localized"}],"is_group":false,"exceptions":[]}]}
{"timestamp":"2026-07-24T17:33:45.906781Z","level":"error","event":"Error loading DAG from orchestrate.py: 'str' object has no attribute 'utcoffset'","logger":"airflow.dag_processing.dagbag.BundleDagBag","filename":"dagbag.py","lineno":319}
{"timestamp":"2026-07-24T17:33:45.907011Z","level":"warning","event":"The `airflow.operators.bash.BashOperator` attribute is deprecated. Please use `'airflow.providers.standard.operators.bash.BashOperator'`.","category":"UserWarning","filename":"/opt/airflow/dags/orchestrate.py","lineno":3,"logger":"py.warnings"}
{"timestamp":"2026-07-24T17:33:51.051088Z","level":"info","event":"Filling up the DagBag from /opt/airflow/dags/orchestrate.py","logger":"airflow.dag_processing.dagbag.BundleDagBag","filename":"dagbag.py","lineno":460}
{"timestamp":"2026-07-24T17:33:52.073189Z","level":"error","event":"Failed to import: /opt/airflow/dags/orchestrate.py","logger":"airflow.dag_processing.importers.python_importer","filename":"python_importer.py","lineno":244,"error_detail":[{"exc_type":"AttributeError","exc_value":"'str' object has no attribute 'utcoffset'","exc_notes":[],"syntax_error":null,"is_cause":false,"frames":[{"filename":"/home/airflow/.local/lib/python3.13/site-packages/airflow/dag_processing/importers/python_importer.py","lineno":238,"name":"parse"},{"filename":"<frozen importlib._bootstrap_external>","lineno":1023,"name":"exec_module"},{"filename":"<frozen importlib._bootstrap>","lineno":488,"name":"_call_with_frames_removed"},{"filename":"/opt/airflow/dags/orchestrate.py","lineno":96,"name":"<module>"},{"filename":"/home/airflow/.local/lib/python3.13/site-packages/airflow/sdk/definitions/dag.py","lineno":1680,"name":"factory"},{"filename":"<attrs generated methods airflow.sdk.definitions.dag.DAG>","lineno":96,"name":"__init__"},{"filename":"/home/airflow/.local/lib/python3.13/site-packages/airflow/sdk/definitions/dag.py","lineno":581,"name":"__attrs_post_init__"},{"filename":"/home/airflow/.local/lib/python3.13/site-packages/airflow/sdk/_shared/timezones/timezone.py","lineno":95,"name":"convert_to_utc"},{"filename":"/home/airflow/.local/lib/python3.13/site-packages/airflow/sdk/_shared/timezones/timezone.py","lineno":56,"name":"is_localized"}],"is_group":false,"exceptions":[]}]}
{"timestamp":"2026-07-24T17:33:52.075382Z","level":"error","event":"Error loading DAG from orchestrate.py: 'str' object has no attribute 'utcoffset'","logger":"airflow.dag_processing.dagbag.BundleDagBag","filename":"dagbag.py","lineno":319}
{"timestamp":"2026-07-24T17:33:52.075548Z","level":"warning","event":"The `airflow.operators.bash.BashOperator` attribute is deprecated. Please use `'airflow.providers.standard.operators.bash.BashOperator'`.","category":"UserWarning","filename":"/opt/airflow/dags/orchestrate.py","lineno":3,"logger":"py.warnings"}
{"timestamp":"2026-07-24T17:34:01.265089Z","level":"info","event":"Filling up the DagBag from /opt/airflow/dags/orchestrate.py","logger":"airflow.dag_processing.dagbag.BundleDagBag","filename":"dagbag.py","lineno":460}
{"timestamp":"2026-07-24T17:34:02.285027Z","level":"error","event":"Failed to import: /opt/airflow/dags/orchestrate.py","logger":"airflow.dag_processing.importers.python_importer","filename":"python_importer.py","lineno":244,"error_detail":[{"exc_type":"AttributeError","exc_value":"'str' object has no attribute 'utcoffset'","exc_notes":[],"syntax_error":null,"is_cause":false,"frames":[{"filename":"/home/airflow/.local/lib/python3.13/site-packages/airflow/dag_processing/importers/python_importer.py","lineno":238,"name":"parse"},{"filename":"<frozen importlib._bootstrap_external>","lineno":1023,"name":"exec_module"},{"filename":"<frozen importlib._bootstrap>","lineno":488,"name":"_call_with_frames_removed"},{"filename":"/opt/airflow/dags/orchestrate.py","lineno":96,"name":"<module>"},{"filename":"/home/airflow/.local/lib/python3.13/site-packages/airflow/sdk/definitions/dag.py","lineno":1680,"name":"factory"},{"filename":"<attrs generated methods airflow.sdk.definitions.dag.DAG>","lineno":96,"name":"__init__"},{"filename":"/home/airflow/.local/lib/python3.13/site-packages/airflow/sdk/definitions/dag.py","lineno":581,"name":"__attrs_post_init__"},{"filename":"/home/airflow/.local/lib/python3.13/site-packages/airflow/sdk/_shared/timezones/timezone.py","lineno":95,"name":"convert_to_utc"},{"filename":"/home/airflow/.local/lib/python3.13/site-packages/airflow/sdk/_shared/timezones/timezone.py","lineno":56,"name":"is_localized"}],"is_group":false,"exceptions":[]}]}
{"timestamp":"2026-07-24T17:34:02.287414Z","level":"error","event":"Error loading DAG from orchestrate.py: 'str' object has no attribute 'utcoffset'","logger":"airflow.dag_processing.dagbag.BundleDagBag","filename":"dagbag.py","lineno":319}
{"timestamp":"2026-07-24T17:34:02.287833Z","level":"warning","event":"The `airflow.operators.bash.BashOperator` attribute is deprecated. Please use `'airflow.providers.standard.operators.bash.BashOperator'`.","category":"UserWarning","filename":"/opt/airflow/dags/orchestrate.py","lineno":3,"logger":"py.warnings"}
{"timestamp":"2026-07-24T17:34:07.465363Z","level":"info","event":"Filling up the DagBag from /opt/airflow/dags/orchestrate.py","logger":"airflow.dag_processing.dagbag.BundleDagBag","filename":"dagbag.py","lineno":460}
{"timestamp":"2026-07-24T17:34:08.545676Z","level":"error","event":"Failed to import: /opt/airflow/dags/orchestrate.py","logger":"airflow.dag_processing.importers.python_importer","filename":"python_importer.py","lineno":244,"error_detail":[{"exc_type":"AttributeError","exc_value":"'str' object has no attribute 'utcoffset'","exc_notes":[],"syntax_error":null,"is_cause":false,"frames":[{"filename":"/home/airflow/.local/lib/python3.13/site-packages/airflow/dag_processing/importers/python_importer.py","lineno":238,"name":"parse"},{"filename":"<frozen importlib._bootstrap_external>","lineno":1023,"name":"exec_module"},{"filename":"<frozen importlib._bootstrap>","lineno":488,"name":"_call_with_frames_removed"},{"filename":"/opt/airflow/dags/orchestrate.py","lineno":96,"name":"<module>"},{"filename":"/home/airflow/.local/lib/python3.13/site-packages/airflow/sdk/definitions/dag.py","lineno":1680,"name":"factory"},{"filename":"<attrs generated methods airflow.sdk.definitions.dag.DAG>","lineno":96,"name":"__init__"},{"filename":"/home/airflow/.local/lib/python3.13/site-packages/airflow/sdk/definitions/dag.py","lineno":581,"name":"__attrs_post_init__"},{"filename":"/home/airflow/.local/lib/python3.13/site-packages/airflow/sdk/_shared/timezones/timezone.py","lineno":95,"name":"convert_to_utc"},{"filename":"/home/airflow/.local/lib/python3.13/site-packages/airflow/sdk/_shared/timezones/timezone.py","lineno":56,"name":"is_localized"}],"is_group":false,"exceptions":[]}]}
{"timestamp":"2026-07-24T17:34:08.547368Z","level":"error","event":"Error loading DAG from orchestrate.py: 'str' object has no attribute 'utcoffset'","logger":"airflow.dag_processing.dagbag.BundleDagBag","filename":"dagbag.py","lineno":319}
{"timestamp":"2026-07-24T17:34:08.547545Z","level":"warning","event":"The `airflow.operators.bash.BashOperator` attribute is deprecated. Please use `'airflow.providers.standard.operators.bash.BashOperator'`.","category":"UserWarning","filename":"/opt/airflow/dags/orchestrate.py","lineno":3,"logger":"py.warnings"}
{"timestamp":"2026-07-24T17:34:16.684776Z","level":"info","event":"Filling up the DagBag from /opt/airflow/dags/orchestrate.py","logger":"airflow.dag_processing.dagbag.BundleDagBag","filename":"dagbag.py","lineno":460}
{"timestamp":"2026-07-24T17:34:17.733557Z","level":"error","event":"Failed to import: /opt/airflow/dags/orchestrate.py","logger":"airflow.dag_processing.importers.python_importer","filename":"python_importer.py","lineno":244,"error_detail":[{"exc_type":"NameError","exc_value":"name 'pend' is not defined","exc_notes":[],"syntax_error":null,"is_cause":false,"frames":[{"filename":"/home/airflow/.local/lib/python3.13/site-packages/airflow/dag_processing/importers/python_importer.py","lineno":238,"name":"parse"},{"filename":"<frozen importlib._bootstrap_external>","lineno":1023,"name":"exec_module"},{"filename":"<frozen importlib._bootstrap>","lineno":488,"name":"_call_with_frames_removed"},{"filename":"/opt/airflow/dags/orchestrate.py","lineno":11,"name":"<module>"}],"is_group":false,"exceptions":[]}]}
{"timestamp":"2026-07-24T17:34:17.739935Z","level":"error","event":"Error loading DAG from orchestrate.py: name 'pend' is not defined","logger":"airflow.dag_processing.dagbag.BundleDagBag","filename":"dagbag.py","lineno":319}
{"timestamp":"2026-07-24T17:34:17.740133Z","level":"warning","event":"The `airflow.operators.bash.BashOperator` attribute is deprecated. Please use `'airflow.providers.standard.operators.bash.BashOperator'`.","category":"UserWarning","filename":"/opt/airflow/dags/orchestrate.py","lineno":3,"logger":"py.warnings"}
{"timestamp":"2026-07-24T17:34:20.844382Z","level":"info","event":"Filling up the DagBag from /opt/airflow/dags/orchestrate.py","logger":"airflow.dag_processing.dagbag.BundleDagBag","filename":"dagbag.py","lineno":460}
{"timestamp":"2026-07-24T17:34:21.844045Z","level":"error","event":"Failed to import: /opt/airflow/dags/orchestrate.py","logger":"airflow.dag_processing.importers.python_importer","filename":"python_importer.py","lineno":244,"error_detail":[{"exc_type":"NameError","exc_value":"name 'pendulm' is not defined","exc_notes":[],"syntax_error":null,"is_cause":false,"frames":[{"filename":"/home/airflow/.local/lib/python3.13/site-packages/airflow/dag_processing/importers/python_importer.py","lineno":238,"name":"parse"},{"filename":"<frozen importlib._bootstrap_external>","lineno":1023,"name":"exec_module"},{"filename":"<frozen importlib._bootstrap>","lineno":488,"name":"_call_with_frames_removed"},{"filename":"/opt/airflow/dags/orchestrate.py","lineno":11,"name":"<module>"}],"is_group":false,"exceptions":[]}]}
{"timestamp":"2026-07-24T17:34:21.850419Z","level":"error","event":"Error loading DAG from orchestrate.py: name 'pendulm' is not defined","logger":"airflow.dag_processing.dagbag.BundleDagBag","filename":"dagbag.py","lineno":319}
{"timestamp":"2026-07-24T17:34:21.850581Z","level":"warning","event":"The `airflow.operators.bash.BashOperator` attribute is deprecated. Please use `'airflow.providers.standard.operators.bash.BashOperator'`.","category":"UserWarning","filename":"/opt/airflow/dags/orchestrate.py","lineno":3,"logger":"py.warnings"}
{"timestamp":"2026-07-24T17:34:33.056987Z","level":"info","event":"Filling up the DagBag from /opt/airflow/dags/orchestrate.py","logger":"airflow.dag_processing.dagbag.BundleDagBag","filename":"dagbag.py","lineno":460}
{"timestamp":"2026-07-24T17:34:34.092924Z","level":"error","event":"Failed to import: /opt/airflow/dags/orchestrate.py","logger":"airflow.dag_processing.importers.python_importer","filename":"python_importer.py","lineno":244,"error_detail":[{"exc_type":"NameError","exc_value":"name 'pendulum' is not defined","exc_notes":[],"syntax_error":null,"is_cause":false,"frames":[{"filename":"/home/airflow/.local/lib/python3.13/site-packages/airflow/dag_processing/importers/python_importer.py","lineno":238,"name":"parse"},{"filename":"<frozen importlib._bootstrap_external>","lineno":1023,"name":"exec_module"},{"filename":"<frozen importlib._bootstrap>","lineno":488,"name":"_call_with_frames_removed"},{"filename":"/opt/airflow/dags/orchestrate.py","lineno":11,"name":"<module>"}],"is_group":false,"exceptions":[]}]}
{"timestamp":"2026-07-24T17:34:34.099396Z","level":"error","event":"Error loading DAG from orchestrate.py: name 'pendulum' is not defined","logger":"airflow.dag_processing.dagbag.BundleDagBag","filename":"dagbag.py","lineno":319}
{"timestamp":"2026-07-24T17:34:34.099570Z","level":"warning","event":"The `airflow.operators.bash.BashOperator` attribute is deprecated. Please use `'airflow.providers.standard.operators.bash.BashOperator'`.","category":"UserWarning","filename":"/opt/airflow/dags/orchestrate.py","lineno":3,"logger":"py.warnings"}
{"timestamp":"2026-07-24T17:34:55.653412Z","level":"info","event":"Filling up the DagBag from /opt/airflow/dags/orchestrate.py","logger":"airflow.dag_processing.dagbag.BundleDagBag","filename":"dagbag.py","lineno":460}
{"timestamp":"2026-07-24T17:34:55.694110Z","level":"error","event":"Failed to import: /opt/airflow/dags/orchestrate.py","logger":"airflow.dag_processing.importers.python_importer","filename":"python_importer.py","lineno":244,"error_detail":[{"exc_type":"SyntaxError","exc_value":"Expected one or more names after 'import' (orchestrate.py, line 6)","exc_notes":[],"syntax_error":{"offset":21,"filename":"/opt/airflow/dags/orchestrate.py","line":"from pendulum import\n","lineno":6,"msg":"Expected one or more names after 'import'"},"is_cause":false,"frames":[{"filename":"/home/airflow/.local/lib/python3.13/site-packages/airflow/dag_processing/importers/python_importer.py","lineno":238,"name":"parse"},{"filename":"<frozen importlib._bootstrap_external>","lineno":1019,"name":"exec_module"},{"filename":"<frozen importlib._bootstrap_external>","lineno":1157,"name":"get_code"},{"filename":"<frozen importlib._bootstrap_external>","lineno":1087,"name":"source_to_code"},{"filename":"<frozen importlib._bootstrap>","lineno":488,"name":"_call_with_frames_removed"}],"is_group":false,"exceptions":[]}]}
{"timestamp":"2026-07-24T17:34:55.695738Z","level":"error","event":"Error loading DAG from orchestrate.py: Expected one or more names after 'import' (orchestrate.py, line 6)","logger":"airflow.dag_processing.dagbag.BundleDagBag","filename":"dagbag.py","lineno":319}
{"timestamp":"2026-07-24T17:35:03.866721Z","level":"info","event":"Filling up the DagBag from /opt/airflow/dags/orchestrate.py","logger":"airflow.dag_processing.dagbag.BundleDagBag","filename":"dagbag.py","lineno":460}
{"timestamp":"2026-07-24T17:35:04.936035Z","level":"error","event":"Failed to import: /opt/airflow/dags/orchestrate.py","logger":"airflow.dag_processing.importers.python_importer","filename":"python_importer.py","lineno":244,"error_detail":[{"exc_type":"NameError","exc_value":"name 'pendulum' is not defined","exc_notes":[],"syntax_error":null,"is_cause":false,"frames":[{"filename":"/home/airflow/.local/lib/python3.13/site-packages/airflow/dag_processing/importers/python_importer.py","lineno":238,"name":"parse"},{"filename":"<frozen importlib._bootstrap_external>","lineno":1023,"name":"exec_module"},{"filename":"<frozen importlib._bootstrap>","lineno":488,"name":"_call_with_frames_removed"},{"filename":"/opt/airflow/dags/orchestrate.py","lineno":12,"name":"<module>"}],"is_group":false,"exceptions":[]}]}
{"timestamp":"2026-07-24T17:35:04.943785Z","level":"error","event":"Error loading DAG from orchestrate.py: name 'pendulum' is not defined","logger":"airflow.dag_processing.dagbag.BundleDagBag","filename":"dagbag.py","lineno":319}
{"timestamp":"2026-07-24T17:35:04.943970Z","level":"warning","event":"The `airflow.operators.bash.BashOperator` attribute is deprecated. Please use `'airflow.providers.standard.operators.bash.BashOperator'`.","category":"UserWarning","filename":"/opt/airflow/dags/orchestrate.py","lineno":3,"logger":"py.warnings"}
{"timestamp":"2026-07-24T17:35:35.326559Z","level":"info","event":"Filling up the DagBag from /opt/airflow/dags/orchestrate.py","logger":"airflow.dag_processing.dagbag.BundleDagBag","filename":"dagbag.py","lineno":460}
{"timestamp":"2026-07-24T17:35:36.304374Z","level":"error","event":"Failed to import: /opt/airflow/dags/orchestrate.py","logger":"airflow.dag_processing.importers.python_importer","filename":"python_importer.py","lineno":244,"error_detail":[{"exc_type":"NameError","exc_value":"name 'pendulum' is not defined","exc_notes":[],"syntax_error":null,"is_cause":false,"frames":[{"filename":"/home/airflow/.local/lib/python3.13/site-packages/airflow/dag_processing/importers/python_importer.py","lineno":238,"name":"parse"},{"filename":"<frozen importlib._bootstrap_external>","lineno":1023,"name":"exec_module"},{"filename":"<frozen importlib._bootstrap>","lineno":488,"name":"_call_with_frames_removed"},{"filename":"/opt/airflow/dags/orchestrate.py","lineno":12,"name":"<module>"}],"is_group":false,"exceptions":[]}]}
{"timestamp":"2026-07-24T17:35:36.311208Z","level":"error","event":"Error loading DAG from orchestrate.py: name 'pendulum' is not defined","logger":"airflow.dag_processing.dagbag.BundleDagBag","filename":"dagbag.py","lineno":319}
{"timestamp":"2026-07-24T17:35:36.311393Z","level":"warning","event":"The `airflow.operators.bash.BashOperator` attribute is deprecated. Please use `'airflow.providers.standard.operators.bash.BashOperator'`.","category":"UserWarning","filename":"/opt/airflow/dags/orchestrate.py","lineno":3,"logger":"py.warnings"}
{"timestamp":"2026-07-24T17:35:46.550503Z","level":"info","event":"Filling up the DagBag from /opt/airflow/dags/orchestrate.py","logger":"airflow.dag_processing.dagbag.BundleDagBag","filename":"dagbag.py","lineno":460}
{"timestamp":"2026-07-24T17:35:47.696377Z","level":"error","event":"Failed to import: /opt/airflow/dags/orchestrate.py","logger":"airflow.dag_processing.importers.python_importer","filename":"python_importer.py","lineno":244,"error_detail":[{"exc_type":"TypeError","exc_value":"argument 'input': 'function' object cannot be cast as 'str'","exc_notes":[],"syntax_error":null,"is_cause":false,"frames":[{"filename":"/home/airflow/.local/lib/python3.13/site-packages/airflow/dag_processing/importers/python_importer.py","lineno":238,"name":"parse"},{"filename":"<frozen importlib._bootstrap_external>","lineno":1023,"name":"exec_module"},{"filename":"<frozen importlib._bootstrap>","lineno":488,"name":"_call_with_frames_removed"},{"filename":"/opt/airflow/dags/orchestrate.py","lineno":97,"name":"<module>"},{"filename":"/home/airflow/.local/lib/python3.13/site-packages/airflow/sdk/definitions/dag.py","lineno":1680,"name":"factory"},{"filename":"<attrs generated methods airflow.sdk.definitions.dag.DAG>","lineno":14,"name":"__init__"},{"filename":"/home/airflow/.local/lib/python3.13/site-packages/airflow/sdk/definitions/dag.py","lineno":691,"name":"_extract_tz"},{"filename":"/home/airflow/.local/lib/python3.13/site-packages/airflow/sdk/_shared/timezones/timezone.py","lineno":193,"name":"parse"},{"filename":"/home/airflow/.local/lib/python3.13/site-packages/pendulum/parser.py","lineno":36,"name":"parse"},{"filename":"/home/airflow/.local/lib/python3.13/site-packages/pendulum/parser.py","lineno":51,"name":"_parse"},{"filename":"/home/airflow/.local/lib/python3.13/site-packages/pendulum/parsing/__init__.py","lineno":78,"name":"parse"},{"filename":"/home/airflow/.local/lib/python3.13/site-packages/pendulum/parsing/__init__.py","lineno":113,"name":"_parse"}],"is_group":false,"exceptions":[]}]}
{"timestamp":"2026-07-24T17:35:47.738214Z","level":"error","event":"Error loading DAG from orchestrate.py: argument 'input': 'function' object cannot be cast as 'str'","logger":"airflow.dag_processing.dagbag.BundleDagBag","filename":"dagbag.py","lineno":319}
{"timestamp":"2026-07-24T17:35:47.738551Z","level":"warning","event":"The `airflow.operators.bash.BashOperator` attribute is deprecated. Please use `'airflow.providers.standard.operators.bash.BashOperator'`.","category":"UserWarning","filename":"/opt/airflow/dags/orchestrate.py","lineno":3,"logger":"py.warnings"}
{"timestamp":"2026-07-24T17:35:55.887172Z","level":"info","event":"Filling up the DagBag from /opt/airflow/dags/orchestrate.py","logger":"airflow.dag_processing.dagbag.BundleDagBag","filename":"dagbag.py","lineno":460}
{"timestamp":"2026-07-24T17:35:57.010282Z","level":"error","event":"Failed to import: /opt/airflow/dags/orchestrate.py","logger":"airflow.dag_processing.importers.python_importer","filename":"python_importer.py","lineno":244,"error_detail":[{"exc_type":"TypeError","exc_value":"datetime() missing 3 required positional arguments: 'year', 'month', and 'day'","exc_notes":[],"syntax_error":null,"is_cause":false,"frames":[{"filename":"/home/airflow/.local/lib/python3.13/site-packages/airflow/dag_processing/importers/python_importer.py","lineno":238,"name":"parse"},{"filename":"<frozen importlib._bootstrap_external>","lineno":1023,"name":"exec_module"},{"filename":"<frozen importlib._bootstrap>","lineno":488,"name":"_call_with_frames_removed"},{"filename":"/opt/airflow/dags/orchestrate.py","lineno":12,"name":"<module>"}],"is_group":false,"exceptions":[]}]}
{"timestamp":"2026-07-24T17:35:57.018063Z","level":"error","event":"Error loading DAG from orchestrate.py: datetime() missing 3 required positional arguments: 'year', 'month', and 'day'","logger":"airflow.dag_processing.dagbag.BundleDagBag","filename":"dagbag.py","lineno":319}
{"timestamp":"2026-07-24T17:35:57.018314Z","level":"warning","event":"The `airflow.operators.bash.BashOperator` attribute is deprecated. Please use `'airflow.providers.standard.operators.bash.BashOperator'`.","category":"UserWarning","filename":"/opt/airflow/dags/orchestrate.py","lineno":3,"logger":"py.warnings"}
{"timestamp":"2026-07-24T17:36:02.171325Z","level":"info","event":"Filling up the DagBag from /opt/airflow/dags/orchestrate.py","logger":"airflow.dag_processing.dagbag.BundleDagBag","filename":"dagbag.py","lineno":460}
{"timestamp":"2026-07-24T17:36:03.195793Z","level":"error","event":"Failed to import: /opt/airflow/dags/orchestrate.py","logger":"airflow.dag_processing.importers.python_importer","filename":"python_importer.py","lineno":244,"error_detail":[{"exc_type":"TypeError","exc_value":"datetime() missing 2 required positional arguments: 'month' and 'day'","exc_notes":[],"syntax_error":null,"is_cause":false,"frames":[{"filename":"/home/airflow/.local/lib/python3.13/site-packages/airflow/dag_processing/importers/python_importer.py","lineno":238,"name":"parse"},{"filename":"<frozen importlib._bootstrap_external>","lineno":1023,"name":"exec_module"},{"filename":"<frozen importlib._bootstrap>","lineno":488,"name":"_call_with_frames_removed"},{"filename":"/opt/airflow/dags/orchestrate.py","lineno":12,"name":"<module>"}],"is_group":false,"exceptions":[]}]}
{"timestamp":"2026-07-24T17:36:03.202240Z","level":"error","event":"Error loading DAG from orchestrate.py: datetime() missing 2 required positional arguments: 'month' and 'day'","logger":"airflow.dag_processing.dagbag.BundleDagBag","filename":"dagbag.py","lineno":319}
{"timestamp":"2026-07-24T17:36:03.202406Z","level":"warning","event":"The `airflow.operators.bash.BashOperator` attribute is deprecated. Please use `'airflow.providers.standard.operators.bash.BashOperator'`.","category":"UserWarning","filename":"/opt/airflow/dags/orchestrate.py","lineno":3,"logger":"py.warnings"}
{"timestamp":"2026-07-24T17:36:07.381898Z","level":"info","event":"Filling up the DagBag from /opt/airflow/dags/orchestrate.py","logger":"airflow.dag_processing.dagbag.BundleDagBag","filename":"dagbag.py","lineno":460}
{"timestamp":"2026-07-24T17:36:08.398862Z","level":"error","event":"Failed to import: /opt/airflow/dags/orchestrate.py","logger":"airflow.dag_processing.importers.python_importer","filename":"python_importer.py","lineno":244,"error_detail":[{"exc_type":"TypeError","exc_value":"datetime() missing 2 required positional arguments: 'month' and 'day'","exc_notes":[],"syntax_error":null,"is_cause":false,"frames":[{"filename":"/home/airflow/.local/lib/python3.13/site-packages/airflow/dag_processing/importers/python_importer.py","lineno":238,"name":"parse"},{"filename":"<frozen importlib._bootstrap_external>","lineno":1023,"name":"exec_module"},{"filename":"<frozen importlib._bootstrap>","lineno":488,"name":"_call_with_frames_removed"},{"filename":"/opt/airflow/dags/orchestrate.py","lineno":12,"name":"<module>"}],"is_group":false,"exceptions":[]}]}
{"timestamp":"2026-07-24T17:36:08.405292Z","level":"error","event":"Error loading DAG from orchestrate.py: datetime() missing 2 required positional arguments: 'month' and 'day'","logger":"airflow.dag_processing.dagbag.BundleDagBag","filename":"dagbag.py","lineno":319}
{"timestamp":"2026-07-24T17:36:08.405450Z","level":"warning","event":"The `airflow.operators.bash.BashOperator` attribute is deprecated. Please use `'airflow.providers.standard.operators.bash.BashOperator'`.","category":"UserWarning","filename":"/opt/airflow/dags/orchestrate.py","lineno":3,"logger":"py.warnings"}
{"timestamp":"2026-07-24T17:36:16.673558Z","level":"info","event":"Filling up the DagBag from /opt/airflow/dags/orchestrate.py","logger":"airflow.dag_processing.dagbag.BundleDagBag","filename":"dagbag.py","lineno":460}
{"timestamp":"2026-07-24T17:36:17.629180Z","level":"warning","event":"The `airflow.operators.bash.BashOperator` attribute is deprecated. Please use `'airflow.providers.standard.operators.bash.BashOperator'`.","category":"UserWarning","filename":"/opt/airflow/dags/orchestrate.py","lineno":3,"logger":"py.warnings"}
{"timestamp":"2026-07-24T17:36:48.264815Z","level":"info","event":"Filling up the DagBag from /opt/airflow/dags/orchestrate.py","logger":"airflow.dag_processing.dagbag.BundleDagBag","filename":"dagbag.py","lineno":460}
{"timestamp":"2026-07-24T17:36:49.349355Z","level":"warning","event":"The `airflow.operators.bash.BashOperator` attribute is deprecated. Please use `'airflow.providers.standard.operators.bash.BashOperator'`.","category":"UserWarning","filename":"/opt/airflow/dags/orchestrate.py","lineno":3,"logger":"py.warnings"}
{"timestamp":"2026-07-24T17:37:15.173512Z","level":"info","event":"Filling up the DagBag from /opt/airflow/dags/orchestrate.py","logger":"airflow.dag_processing.dagbag.BundleDagBag","filename":"dagbag.py","lineno":460}
{"timestamp":"2026-07-24T17:37:15.199017Z","level":"error","event":"Failed to import: /opt/airflow/dags/orchestrate.py","logger":"airflow.dag_processing.importers.python_importer","filename":"python_importer.py","lineno":244,"error_detail":[{"exc_type":"SyntaxError","exc_value":"positional argument follows keyword argument (orchestrate.py, line 12)","exc_notes":[],"syntax_error":{"offset":52,"filename":"/opt/airflow/dags/orchestrate.py","line":"        start_date=pendulum.datetime(year=2026,7,24)\n","lineno":12,"msg":"positional argument follows keyword argument"},"is_cause":false,"frames":[{"filename":"/home/airflow/.local/lib/python3.13/site-packages/airflow/dag_processing/importers/python_importer.py","lineno":238,"name":"parse"},{"filename":"<frozen importlib._bootstrap_external>","lineno":1019,"name":"exec_module"},{"filename":"<frozen importlib._bootstrap_external>","lineno":1157,"name":"get_code"},{"filename":"<frozen importlib._bootstrap_external>","lineno":1087,"name":"source_to_code"},{"filename":"<frozen importlib._bootstrap>","lineno":488,"name":"_call_with_frames_removed"}],"is_group":false,"exceptions":[]}]}
{"timestamp":"2026-07-24T17:37:15.200079Z","level":"error","event":"Error loading DAG from orchestrate.py: positional argument follows keyword argument (orchestrate.py, line 12)","logger":"airflow.dag_processing.dagbag.BundleDagBag","filename":"dagbag.py","lineno":319}
{"timestamp":"2026-07-24T17:37:45.646967Z","level":"info","event":"Filling up the DagBag from /opt/airflow/dags/orchestrate.py","logger":"airflow.dag_processing.dagbag.BundleDagBag","filename":"dagbag.py","lineno":460}
{"timestamp":"2026-07-24T17:37:45.667027Z","level":"error","event":"Failed to import: /opt/airflow/dags/orchestrate.py","logger":"airflow.dag_processing.importers.python_importer","filename":"python_importer.py","lineno":244,"error_detail":[{"exc_type":"SyntaxError","exc_value":"positional argument follows keyword argument (orchestrate.py, line 12)","exc_notes":[],"syntax_error":{"offset":52,"filename":"/opt/airflow/dags/orchestrate.py","line":"        start_date=pendulum.datetime(year=2026,7,24)\n","lineno":12,"msg":"positional argument follows keyword argument"},"is_cause":false,"frames":[{"filename":"/home/airflow/.local/lib/python3.13/site-packages/airflow/dag_processing/importers/python_importer.py","lineno":238,"name":"parse"},{"filename":"<frozen importlib._bootstrap_external>","lineno":1019,"name":"exec_module"},{"filename":"<frozen importlib._bootstrap_external>","lineno":1157,"name":"get_code"},{"filename":"<frozen importlib._bootstrap_external>","lineno":1087,"name":"source_to_code"},{"filename":"<frozen importlib._bootstrap>","lineno":488,"name":"_call_with_frames_removed"}],"is_group":false,"exceptions":[]}]}
{"timestamp":"2026-07-24T17:37:45.668013Z","level":"error","event":"Error loading DAG from orchestrate.py: positional argument follows keyword argument (orchestrate.py, line 12)","logger":"airflow.dag_processing.dagbag.BundleDagBag","filename":"dagbag.py","lineno":319}
{"timestamp":"2026-07-24T17:38:16.085270Z","level":"info","event":"Filling up the DagBag from /opt/airflow/dags/orchestrate.py","logger":"airflow.dag_processing.dagbag.BundleDagBag","filename":"dagbag.py","lineno":460}
{"timestamp":"2026-07-24T17:38:16.116235Z","level":"error","event":"Failed to import: /opt/airflow/dags/orchestrate.py","logger":"airflow.dag_processing.importers.python_importer","filename":"python_importer.py","lineno":244,"error_detail":[{"exc_type":"SyntaxError","exc_value":"positional argument follows keyword argument (orchestrate.py, line 12)","exc_notes":[],"syntax_error":{"offset":52,"filename":"/opt/airflow/dags/orchestrate.py","line":"        start_date=pendulum.datetime(year=2026,7,24)\n","lineno":12,"msg":"positional argument follows keyword argument"},"is_cause":false,"frames":[{"filename":"/home/airflow/.local/lib/python3.13/site-packages/airflow/dag_processing/importers/python_importer.py","lineno":238,"name":"parse"},{"filename":"<frozen importlib._bootstrap_external>","lineno":1019,"name":"exec_module"},{"filename":"<frozen importlib._bootstrap_external>","lineno":1157,"name":"get_code"},{"filename":"<frozen importlib._bootstrap_external>","lineno":1087,"name":"source_to_code"},{"filename":"<frozen importlib._bootstrap>","lineno":488,"name":"_call_with_frames_removed"}],"is_group":false,"exceptions":[]}]}
{"timestamp":"2026-07-24T17:38:16.117093Z","level":"error","event":"Error loading DAG from orchestrate.py: positional argument follows keyword argument (orchestrate.py, line 12)","logger":"airflow.dag_processing.dagbag.BundleDagBag","filename":"dagbag.py","lineno":319}
{"timestamp":"2026-07-24T17:38:17.206917Z","level":"info","event":"Filling up the DagBag from /opt/airflow/dags/orchestrate.py","logger":"airflow.dag_processing.dagbag.BundleDagBag","filename":"dagbag.py","lineno":460}
{"timestamp":"2026-07-24T17:38:18.221326Z","level":"warning","event":"The `airflow.operators.bash.BashOperator` attribute is deprecated. Please use `'airflow.providers.standard.operators.bash.BashOperator'`.","category":"UserWarning","filename":"/opt/airflow/dags/orchestrate.py","lineno":3,"logger":"py.warnings"}
{"timestamp":"2026-07-24T17:38:48.698072Z","level":"info","event":"Filling up the DagBag from /opt/airflow/dags/orchestrate.py","logger":"airflow.dag_processing.dagbag.BundleDagBag","filename":"dagbag.py","lineno":460}
{"timestamp":"2026-07-24T17:38:49.652412Z","level":"warning","event":"The `airflow.operators.bash.BashOperator` attribute is deprecated. Please use `'airflow.providers.standard.operators.bash.BashOperator'`.","category":"UserWarning","filename":"/opt/airflow/dags/orchestrate.py","lineno":3,"logger":"py.warnings"}
{"timestamp":"2026-07-24T17:39:20.072797Z","level":"info","event":"Filling up the DagBag from /opt/airflow/dags/orchestrate.py","logger":"airflow.dag_processing.dagbag.BundleDagBag","filename":"dagbag.py","lineno":460}
{"timestamp":"2026-07-24T17:39:21.022307Z","level":"warning","event":"The `airflow.operators.bash.BashOperator` attribute is deprecated. Please use `'airflow.providers.standard.operators.bash.BashOperator'`.","category":"UserWarning","filename":"/opt/airflow/dags/orchestrate.py","lineno":3,"logger":"py.warnings"}
{"timestamp":"2026-07-24T17:39:39.296105Z","level":"info","event":"Filling up the DagBag from /opt/airflow/dags/orchestrate.py","logger":"airflow.dag_processing.dagbag.BundleDagBag","filename":"dagbag.py","lineno":460}
{"timestamp":"2026-07-24T17:39:39.344367Z","level":"error","event":"Failed to import: /opt/airflow/dags/orchestrate.py","logger":"airflow.dag_processing.importers.python_importer","filename":"python_importer.py","lineno":244,"error_detail":[{"exc_type":"SyntaxError","exc_value":"expected argument value expression (orchestrate.py, line 12)","exc_notes":[],"syntax_error":{"offset":63,"filename":"/opt/airflow/dags/orchestrate.py","line":"        start_date=pendulum.datetime(year=2026,month=7,day=24,tz=)\n","lineno":12,"msg":"expected argument value expression"},"is_cause":false,"frames":[{"filename":"/home/airflow/.local/lib/python3.13/site-packages/airflow/dag_processing/importers/python_importer.py","lineno":238,"name":"parse"},{"filename":"<frozen importlib._bootstrap_external>","lineno":1019,"name":"exec_module"},{"filename":"<frozen importlib._bootstrap_external>","lineno":1157,"name":"get_code"},{"filename":"<frozen importlib._bootstrap_external>","lineno":1087,"name":"source_to_code"},{"filename":"<frozen importlib._bootstrap>","lineno":488,"name":"_call_with_frames_removed"}],"is_group":false,"exceptions":[]}]}
{"timestamp":"2026-07-24T17:39:39.345970Z","level":"error","event":"Error loading DAG from orchestrate.py: expected argument value expression (orchestrate.py, line 12)","logger":"airflow.dag_processing.dagbag.BundleDagBag","filename":"dagbag.py","lineno":319}
{"timestamp":"2026-07-24T17:40:09.797587Z","level":"info","event":"Filling up the DagBag from /opt/airflow/dags/orchestrate.py","logger":"airflow.dag_processing.dagbag.BundleDagBag","filename":"dagbag.py","lineno":460}
{"timestamp":"2026-07-24T17:40:09.828669Z","level":"error","event":"Failed to import: /opt/airflow/dags/orchestrate.py","logger":"airflow.dag_processing.importers.python_importer","filename":"python_importer.py","lineno":244,"error_detail":[{"exc_type":"SyntaxError","exc_value":"expected argument value expression (orchestrate.py, line 12)","exc_notes":[],"syntax_error":{"offset":63,"filename":"/opt/airflow/dags/orchestrate.py","line":"        start_date=pendulum.datetime(year=2026,month=7,day=24,tz=)\n","lineno":12,"msg":"expected argument value expression"},"is_cause":false,"frames":[{"filename":"/home/airflow/.local/lib/python3.13/site-packages/airflow/dag_processing/importers/python_importer.py","lineno":238,"name":"parse"},{"filename":"<frozen importlib._bootstrap_external>","lineno":1019,"name":"exec_module"},{"filename":"<frozen importlib._bootstrap_external>","lineno":1157,"name":"get_code"},{"filename":"<frozen importlib._bootstrap_external>","lineno":1087,"name":"source_to_code"},{"filename":"<frozen importlib._bootstrap>","lineno":488,"name":"_call_with_frames_removed"}],"is_group":false,"exceptions":[]}]}
{"timestamp":"2026-07-24T17:40:09.829717Z","level":"error","event":"Error loading DAG from orchestrate.py: expected argument value expression (orchestrate.py, line 12)","logger":"airflow.dag_processing.dagbag.BundleDagBag","filename":"dagbag.py","lineno":319}
{"timestamp":"2026-07-24T17:40:40.209947Z","level":"info","event":"Filling up the DagBag from /opt/airflow/dags/orchestrate.py","logger":"airflow.dag_processing.dagbag.BundleDagBag","filename":"dagbag.py","lineno":460}
{"timestamp":"2026-07-24T17:40:40.232801Z","level":"error","event":"Failed to import: /opt/airflow/dags/orchestrate.py","logger":"airflow.dag_processing.importers.python_importer","filename":"python_importer.py","lineno":244,"error_detail":[{"exc_type":"SyntaxError","exc_value":"expected argument value expression (orchestrate.py, line 12)","exc_notes":[],"syntax_error":{"offset":63,"filename":"/opt/airflow/dags/orchestrate.py","line":"        start_date=pendulum.datetime(year=2026,month=7,day=24,tz=)\n","lineno":12,"msg":"expected argument value expression"},"is_cause":false,"frames":[{"filename":"/home/airflow/.local/lib/python3.13/site-packages/airflow/dag_processing/importers/python_importer.py","lineno":238,"name":"parse"},{"filename":"<frozen importlib._bootstrap_external>","lineno":1019,"name":"exec_module"},{"filename":"<frozen importlib._bootstrap_external>","lineno":1157,"name":"get_code"},{"filename":"<frozen importlib._bootstrap_external>","lineno":1087,"name":"source_to_code"},{"filename":"<frozen importlib._bootstrap>","lineno":488,"name":"_call_with_frames_removed"}],"is_group":false,"exceptions":[]}]}
{"timestamp":"2026-07-24T17:40:40.233672Z","level":"error","event":"Error loading DAG from orchestrate.py: expected argument value expression (orchestrate.py, line 12)","logger":"airflow.dag_processing.dagbag.BundleDagBag","filename":"dagbag.py","lineno":319}
{"timestamp":"2026-07-24T17:40:57.526788Z","level":"info","event":"Filling up the DagBag from /opt/airflow/dags/orchestrate.py","logger":"airflow.dag_processing.dagbag.BundleDagBag","filename":"dagbag.py","lineno":460}
{"timestamp":"2026-07-24T17:40:58.598260Z","level":"error","event":"Failed to import: /opt/airflow/dags/orchestrate.py","logger":"airflow.dag_processing.importers.python_importer","filename":"python_importer.py","lineno":244,"error_detail":[{"exc_type":"NameError","exc_value":"name 'UTC' is not defined","exc_notes":[],"syntax_error":null,"is_cause":false,"frames":[{"filename":"/home/airflow/.local/lib/python3.13/site-packages/airflow/dag_processing/importers/python_importer.py","lineno":238,"name":"parse"},{"filename":"<frozen importlib._bootstrap_external>","lineno":1023,"name":"exec_module"},{"filename":"<frozen importlib._bootstrap>","lineno":488,"name":"_call_with_frames_removed"},{"filename":"/opt/airflow/dags/orchestrate.py","lineno":12,"name":"<module>"}],"is_group":false,"exceptions":[]}]}
{"timestamp":"2026-07-24T17:40:58.604172Z","level":"error","event":"Error loading DAG from orchestrate.py: name 'UTC' is not defined","logger":"airflow.dag_processing.dagbag.BundleDagBag","filename":"dagbag.py","lineno":319}
{"timestamp":"2026-07-24T17:40:58.604332Z","level":"warning","event":"The `airflow.operators.bash.BashOperator` attribute is deprecated. Please use `'airflow.providers.standard.operators.bash.BashOperator'`.","category":"UserWarning","filename":"/opt/airflow/dags/orchestrate.py","lineno":3,"logger":"py.warnings"}
{"timestamp":"2026-07-24T17:41:29.033701Z","level":"info","event":"Filling up the DagBag from /opt/airflow/dags/orchestrate.py","logger":"airflow.dag_processing.dagbag.BundleDagBag","filename":"dagbag.py","lineno":460}
{"timestamp":"2026-07-24T17:41:30.010845Z","level":"error","event":"Failed to import: /opt/airflow/dags/orchestrate.py","logger":"airflow.dag_processing.importers.python_importer","filename":"python_importer.py","lineno":244,"error_detail":[{"exc_type":"NameError","exc_value":"name 'UTC' is not defined","exc_notes":[],"syntax_error":null,"is_cause":false,"frames":[{"filename":"/home/airflow/.local/lib/python3.13/site-packages/airflow/dag_processing/importers/python_importer.py","lineno":238,"name":"parse"},{"filename":"<frozen importlib._bootstrap_external>","lineno":1023,"name":"exec_module"},{"filename":"<frozen importlib._bootstrap>","lineno":488,"name":"_call_with_frames_removed"},{"filename":"/opt/airflow/dags/orchestrate.py","lineno":12,"name":"<module>"}],"is_group":false,"exceptions":[]}]}
{"timestamp":"2026-07-24T17:41:30.021416Z","level":"error","event":"Error loading DAG from orchestrate.py: name 'UTC' is not defined","logger":"airflow.dag_processing.dagbag.BundleDagBag","filename":"dagbag.py","lineno":319}
{"timestamp":"2026-07-24T17:41:30.021611Z","level":"warning","event":"The `airflow.operators.bash.BashOperator` attribute is deprecated. Please use `'airflow.providers.standard.operators.bash.BashOperator'`.","category":"UserWarning","filename":"/opt/airflow/dags/orchestrate.py","lineno":3,"logger":"py.warnings"}
{"timestamp":"2026-07-24T17:41:32.160987Z","level":"info","event":"Filling up the DagBag from /opt/airflow/dags/orchestrate.py","logger":"airflow.dag_processing.dagbag.BundleDagBag","filename":"dagbag.py","lineno":460}
{"timestamp":"2026-07-24T17:41:33.207755Z","level":"error","event":"Failed to import: /opt/airflow/dags/orchestrate.py","logger":"airflow.dag_processing.importers.python_importer","filename":"python_importer.py","lineno":244,"error_detail":[{"exc_type":"NameError","exc_value":"name 'UTC' is not defined","exc_notes":[],"syntax_error":null,"is_cause":false,"frames":[{"filename":"/home/airflow/.local/lib/python3.13/site-packages/airflow/dag_processing/importers/python_importer.py","lineno":238,"name":"parse"},{"filename":"<frozen importlib._bootstrap_external>","lineno":1023,"name":"exec_module"},{"filename":"<frozen importlib._bootstrap>","lineno":488,"name":"_call_with_frames_removed"},{"filename":"/opt/airflow/dags/orchestrate.py","lineno":12,"name":"<module>"}],"is_group":false,"exceptions":[]}]}
{"timestamp":"2026-07-24T17:41:33.213430Z","level":"error","event":"Error loading DAG from orchestrate.py: name 'UTC' is not defined","logger":"airflow.dag_processing.dagbag.BundleDagBag","filename":"dagbag.py","lineno":319}
{"timestamp":"2026-07-24T17:41:33.213601Z","level":"warning","event":"The `airflow.operators.bash.BashOperator` attribute is deprecated. Please use `'airflow.providers.standard.operators.bash.BashOperator'`.","category":"UserWarning","filename":"/opt/airflow/dags/orchestrate.py","lineno":3,"logger":"py.warnings"}
{"timestamp":"2026-07-24T17:42:03.597028Z","level":"info","event":"Filling up the DagBag from /opt/airflow/dags/orchestrate.py","logger":"airflow.dag_processing.dagbag.BundleDagBag","filename":"dagbag.py","lineno":460}
{"timestamp":"2026-07-24T17:42:04.725026Z","level":"error","event":"Failed to import: /opt/airflow/dags/orchestrate.py","logger":"airflow.dag_processing.importers.python_importer","filename":"python_importer.py","lineno":244,"error_detail":[{"exc_type":"NameError","exc_value":"name 'UTC' is not defined","exc_notes":[],"syntax_error":null,"is_cause":false,"frames":[{"filename":"/home/airflow/.local/lib/python3.13/site-packages/airflow/dag_processing/importers/python_importer.py","lineno":238,"name":"parse"},{"filename":"<frozen importlib._bootstrap_external>","lineno":1023,"name":"exec_module"},{"filename":"<frozen importlib._bootstrap>","lineno":488,"name":"_call_with_frames_removed"},{"filename":"/opt/airflow/dags/orchestrate.py","lineno":12,"name":"<module>"}],"is_group":false,"exceptions":[]}]}
{"timestamp":"2026-07-24T17:42:04.733976Z","level":"error","event":"Error loading DAG from orchestrate.py: name 'UTC' is not defined","logger":"airflow.dag_processing.dagbag.BundleDagBag","filename":"dagbag.py","lineno":319}
{"timestamp":"2026-07-24T17:42:04.734189Z","level":"warning","event":"The `airflow.operators.bash.BashOperator` attribute is deprecated. Please use `'airflow.providers.standard.operators.bash.BashOperator'`.","category":"UserWarning","filename":"/opt/airflow/dags/orchestrate.py","lineno":3,"logger":"py.warnings"}
{"timestamp":"2026-07-24T17:42:35.203683Z","level":"info","event":"Filling up the DagBag from /opt/airflow/dags/orchestrate.py","logger":"airflow.dag_processing.dagbag.BundleDagBag","filename":"dagbag.py","lineno":460}
{"timestamp":"2026-07-24T17:42:36.215626Z","level":"error","event":"Failed to import: /opt/airflow/dags/orchestrate.py","logger":"airflow.dag_processing.importers.python_importer","filename":"python_importer.py","lineno":244,"error_detail":[{"exc_type":"NameError","exc_value":"name 'UTC' is not defined","exc_notes":[],"syntax_error":null,"is_cause":false,"frames":[{"filename":"/home/airflow/.local/lib/python3.13/site-packages/airflow/dag_processing/importers/python_importer.py","lineno":238,"name":"parse"},{"filename":"<frozen importlib._bootstrap_external>","lineno":1023,"name":"exec_module"},{"filename":"<frozen importlib._bootstrap>","lineno":488,"name":"_call_with_frames_removed"},{"filename":"/opt/airflow/dags/orchestrate.py","lineno":12,"name":"<module>"}],"is_group":false,"exceptions":[]}]}
{"timestamp":"2026-07-24T17:42:36.223517Z","level":"error","event":"Error loading DAG from orchestrate.py: name 'UTC' is not defined","logger":"airflow.dag_processing.dagbag.BundleDagBag","filename":"dagbag.py","lineno":319}
{"timestamp":"2026-07-24T17:42:36.223712Z","level":"warning","event":"The `airflow.operators.bash.BashOperator` attribute is deprecated. Please use `'airflow.providers.standard.operators.bash.BashOperator'`.","category":"UserWarning","filename":"/opt/airflow/dags/orchestrate.py","lineno":3,"logger":"py.warnings"}
{"timestamp":"2026-07-24T17:42:40.610248Z","level":"info","event":"Filling up the DagBag from /opt/airflow/dags/orchestrate.py","logger":"airflow.dag_processing.dagbag.BundleDagBag","filename":"dagbag.py","lineno":460}
{"timestamp":"2026-07-24T17:42:41.674081Z","level":"warning","event":"The `airflow.operators.bash.BashOperator` attribute is deprecated. Please use `'airflow.providers.standard.operators.bash.BashOperator'`.","category":"UserWarning","filename":"/opt/airflow/dags/orchestrate.py","lineno":3,"logger":"py.warnings"}
{"timestamp":"2026-07-24T17:43:12.050631Z","level":"info","event":"Filling up the DagBag from /opt/airflow/dags/orchestrate.py","logger":"airflow.dag_processing.dagbag.BundleDagBag","filename":"dagbag.py","lineno":460}
{"timestamp":"2026-07-24T17:43:13.092819Z","level":"warning","event":"The `airflow.operators.bash.BashOperator` attribute is deprecated. Please use `'airflow.providers.standard.operators.bash.BashOperator'`.","category":"UserWarning","filename":"/opt/airflow/dags/orchestrate.py","lineno":3,"logger":"py.warnings"}
{"timestamp":"2026-07-24T17:43:43.517319Z","level":"info","event":"Filling up the DagBag from /opt/airflow/dags/orchestrate.py","logger":"airflow.dag_processing.dagbag.BundleDagBag","filename":"dagbag.py","lineno":460}
{"timestamp":"2026-07-24T17:43:44.477379Z","level":"warning","event":"The `airflow.operators.bash.BashOperator` attribute is deprecated. Please use `'airflow.providers.standard.operators.bash.BashOperator'`.","category":"UserWarning","filename":"/opt/airflow/dags/orchestrate.py","lineno":3,"logger":"py.warnings"}
{"timestamp":"2026-07-24T17:44:14.896938Z","level":"info","event":"Filling up the DagBag from /opt/airflow/dags/orchestrate.py","logger":"airflow.dag_processing.dagbag.BundleDagBag","filename":"dagbag.py","lineno":460}
{"timestamp":"2026-07-24T17:44:15.915732Z","level":"warning","event":"The `airflow.operators.bash.BashOperator` attribute is deprecated. Please use `'airflow.providers.standard.operators.bash.BashOperator'`.","category":"UserWarning","filename":"/opt/airflow/dags/orchestrate.py","lineno":3,"logger":"py.warnings"}
{"timestamp":"2026-07-24T17:44:46.291429Z","level":"info","event":"Filling up the DagBag from /opt/airflow/dags/orchestrate.py","logger":"airflow.dag_processing.dagbag.BundleDagBag","filename":"dagbag.py","lineno":460}
{"timestamp":"2026-07-24T17:44:47.488911Z","level":"warning","event":"The `airflow.operators.bash.BashOperator` attribute is deprecated. Please use `'airflow.providers.standard.operators.bash.BashOperator'`.","category":"UserWarning","filename":"/opt/airflow/dags/orchestrate.py","lineno":3,"logger":"py.warnings"}
{"timestamp":"2026-07-24T17:45:17.990877Z","level":"info","event":"Filling up the DagBag from /opt/airflow/dags/orchestrate.py","logger":"airflow.dag_processing.dagbag.BundleDagBag","filename":"dagbag.py","lineno":460}
{"timestamp":"2026-07-24T17:45:19.090062Z","level":"warning","event":"The `airflow.operators.bash.BashOperator` attribute is deprecated. Please use `'airflow.providers.standard.operators.bash.BashOperator'`.","category":"UserWarning","filename":"/opt/airflow/dags/orchestrate.py","lineno":3,"logger":"py.warnings"}
{"timestamp":"2026-07-24T17:45:49.439009Z","level":"info","event":"Filling up the DagBag from /opt/airflow/dags/orchestrate.py","logger":"airflow.dag_processing.dagbag.BundleDagBag","filename":"dagbag.py","lineno":460}
{"timestamp":"2026-07-24T17:45:50.458977Z","level":"warning","event":"The `airflow.operators.bash.BashOperator` attribute is deprecated. Please use `'airflow.providers.standard.operators.bash.BashOperator'`.","category":"UserWarning","filename":"/opt/airflow/dags/orchestrate.py","lineno":3,"logger":"py.warnings"}
{"timestamp":"2026-07-24T17:46:20.895707Z","level":"info","event":"Filling up the DagBag from /opt/airflow/dags/orchestrate.py","logger":"airflow.dag_processing.dagbag.BundleDagBag","filename":"dagbag.py","lineno":460}
{"timestamp":"2026-07-24T17:46:21.863421Z","level":"warning","event":"The `airflow.operators.bash.BashOperator` attribute is deprecated. Please use `'airflow.providers.standard.operators.bash.BashOperator'`.","category":"UserWarning","filename":"/opt/airflow/dags/orchestrate.py","lineno":3,"logger":"py.warnings"}
{"timestamp":"2026-07-24T17:46:52.281357Z","level":"info","event":"Filling up the DagBag from /opt/airflow/dags/orchestrate.py","logger":"airflow.dag_processing.dagbag.BundleDagBag","filename":"dagbag.py","lineno":460}
{"timestamp":"2026-07-24T17:46:53.240248Z","level":"warning","event":"The `airflow.operators.bash.BashOperator` attribute is deprecated. Please use `'airflow.providers.standard.operators.bash.BashOperator'`.","category":"UserWarning","filename":"/opt/airflow/dags/orchestrate.py","lineno":3,"logger":"py.warnings"}
{"timestamp":"2026-07-24T17:47:23.743734Z","level":"info","event":"Filling up the DagBag from /opt/airflow/dags/orchestrate.py","logger":"airflow.dag_processing.dagbag.BundleDagBag","filename":"dagbag.py","lineno":460}
{"timestamp":"2026-07-24T17:47:24.677866Z","level":"warning","event":"The `airflow.operators.bash.BashOperator` attribute is deprecated. Please use `'airflow.providers.standard.operators.bash.BashOperator'`.","category":"UserWarning","filename":"/opt/airflow/dags/orchestrate.py","lineno":3,"logger":"py.warnings"}
{"timestamp":"2026-07-24T17:47:55.132229Z","level":"info","event":"Filling up the DagBag from /opt/airflow/dags/orchestrate.py","logger":"airflow.dag_processing.dagbag.BundleDagBag","filename":"dagbag.py","lineno":460}
{"timestamp":"2026-07-24T17:47:56.098852Z","level":"warning","event":"The `airflow.operators.bash.BashOperator` attribute is deprecated. Please use `'airflow.providers.standard.operators.bash.BashOperator'`.","category":"UserWarning","filename":"/opt/airflow/dags/orchestrate.py","lineno":3,"logger":"py.warnings"}
{"timestamp":"2026-07-24T17:48:26.574439Z","level":"info","event":"Filling up the DagBag from /opt/airflow/dags/orchestrate.py","logger":"airflow.dag_processing.dagbag.BundleDagBag","filename":"dagbag.py","lineno":460}
{"timestamp":"2026-07-24T17:48:27.540622Z","level":"warning","event":"The `airflow.operators.bash.BashOperator` attribute is deprecated. Please use `'airflow.providers.standard.operators.bash.BashOperator'`.","category":"UserWarning","filename":"/opt/airflow/dags/orchestrate.py","lineno":3,"logger":"py.warnings"}
{"timestamp":"2026-07-24T17:48:58.012674Z","level":"info","event":"Filling up the DagBag from /opt/airflow/dags/orchestrate.py","logger":"airflow.dag_processing.dagbag.BundleDagBag","filename":"dagbag.py","lineno":460}
{"timestamp":"2026-07-24T17:48:58.957574Z","level":"warning","event":"The `airflow.operators.bash.BashOperator` attribute is deprecated. Please use `'airflow.providers.standard.operators.bash.BashOperator'`.","category":"UserWarning","filename":"/opt/airflow/dags/orchestrate.py","lineno":3,"logger":"py.warnings"}
{"timestamp":"2026-07-24T17:49:29.413484Z","level":"info","event":"Filling up the DagBag from /opt/airflow/dags/orchestrate.py","logger":"airflow.dag_processing.dagbag.BundleDagBag","filename":"dagbag.py","lineno":460}
{"timestamp":"2026-07-24T17:49:30.359396Z","level":"warning","event":"The `airflow.operators.bash.BashOperator` attribute is deprecated. Please use `'airflow.providers.standard.operators.bash.BashOperator'`.","category":"UserWarning","filename":"/opt/airflow/dags/orchestrate.py","lineno":3,"logger":"py.warnings"}
{"timestamp":"2026-07-24T17:50:00.909163Z","level":"info","event":"Filling up the DagBag from /opt/airflow/dags/orchestrate.py","logger":"airflow.dag_processing.dagbag.BundleDagBag","filename":"dagbag.py","lineno":460}
{"timestamp":"2026-07-24T17:50:01.901950Z","level":"warning","event":"The `airflow.operators.bash.BashOperator` attribute is deprecated. Please use `'airflow.providers.standard.operators.bash.BashOperator'`.","category":"UserWarning","filename":"/opt/airflow/dags/orchestrate.py","lineno":3,"logger":"py.warnings"}
{"timestamp":"2026-07-24T17:50:32.421213Z","level":"info","event":"Filling up the DagBag from /opt/airflow/dags/orchestrate.py","logger":"airflow.dag_processing.dagbag.BundleDagBag","filename":"dagbag.py","lineno":460}
{"timestamp":"2026-07-24T17:50:33.471113Z","level":"warning","event":"The `airflow.operators.bash.BashOperator` attribute is deprecated. Please use `'airflow.providers.standard.operators.bash.BashOperator'`.","category":"UserWarning","filename":"/opt/airflow/dags/orchestrate.py","lineno":3,"logger":"py.warnings"}
{"timestamp":"2026-07-24T17:51:03.897694Z","level":"info","event":"Filling up the DagBag from /opt/airflow/dags/orchestrate.py","logger":"airflow.dag_processing.dagbag.BundleDagBag","filename":"dagbag.py","lineno":460}
{"timestamp":"2026-07-24T17:51:04.915048Z","level":"warning","event":"The `airflow.operators.bash.BashOperator` attribute is deprecated. Please use `'airflow.providers.standard.operators.bash.BashOperator'`.","category":"UserWarning","filename":"/opt/airflow/dags/orchestrate.py","lineno":3,"logger":"py.warnings"}
{"timestamp":"2026-07-24T17:51:35.277093Z","level":"info","event":"Filling up the DagBag from /opt/airflow/dags/orchestrate.py","logger":"airflow.dag_processing.dagbag.BundleDagBag","filename":"dagbag.py","lineno":460}
{"timestamp":"2026-07-24T17:51:36.347148Z","level":"warning","event":"The `airflow.operators.bash.BashOperator` attribute is deprecated. Please use `'airflow.providers.standard.operators.bash.BashOperator'`.","category":"UserWarning","filename":"/opt/airflow/dags/orchestrate.py","lineno":3,"logger":"py.warnings"}
{"timestamp":"2026-07-24T17:52:06.682630Z","level":"info","event":"Filling up the DagBag from /opt/airflow/dags/orchestrate.py","logger":"airflow.dag_processing.dagbag.BundleDagBag","filename":"dagbag.py","lineno":460}
{"timestamp":"2026-07-24T17:52:07.745637Z","level":"warning","event":"The `airflow.operators.bash.BashOperator` attribute is deprecated. Please use `'airflow.providers.standard.operators.bash.BashOperator'`.","category":"UserWarning","filename":"/opt/airflow/dags/orchestrate.py","lineno":3,"logger":"py.warnings"}
{"timestamp":"2026-07-24T17:52:38.132280Z","level":"info","event":"Filling up the DagBag from /opt/airflow/dags/orchestrate.py","logger":"airflow.dag_processing.dagbag.BundleDagBag","filename":"dagbag.py","lineno":460}
{"timestamp":"2026-07-24T17:52:39.182415Z","level":"warning","event":"The `airflow.operators.bash.BashOperator` attribute is deprecated. Please use `'airflow.providers.standard.operators.bash.BashOperator'`.","category":"UserWarning","filename":"/opt/airflow/dags/orchestrate.py","lineno":3,"logger":"py.warnings"}
{"timestamp":"2026-07-24T17:53:09.693654Z","level":"info","event":"Filling up the DagBag from /opt/airflow/dags/orchestrate.py","logger":"airflow.dag_processing.dagbag.BundleDagBag","filename":"dagbag.py","lineno":460}
{"timestamp":"2026-07-24T17:53:10.727268Z","level":"warning","event":"The `airflow.operators.bash.BashOperator` attribute is deprecated. Please use `'airflow.providers.standard.operators.bash.BashOperator'`.","category":"UserWarning","filename":"/opt/airflow/dags/orchestrate.py","lineno":3,"logger":"py.warnings"}
{"timestamp":"2026-07-24T17:53:41.136752Z","level":"info","event":"Filling up the DagBag from /opt/airflow/dags/orchestrate.py","logger":"airflow.dag_processing.dagbag.BundleDagBag","filename":"dagbag.py","lineno":460}
{"timestamp":"2026-07-24T17:53:42.167268Z","level":"warning","event":"The `airflow.operators.bash.BashOperator` attribute is deprecated. Please use `'airflow.providers.standard.operators.bash.BashOperator'`.","category":"UserWarning","filename":"/opt/airflow/dags/orchestrate.py","lineno":3,"logger":"py.warnings"}
{"timestamp":"2026-07-24T17:54:12.578094Z","level":"info","event":"Filling up the DagBag from /opt/airflow/dags/orchestrate.py","logger":"airflow.dag_processing.dagbag.BundleDagBag","filename":"dagbag.py","lineno":460}
{"timestamp":"2026-07-24T17:54:13.601756Z","level":"warning","event":"The `airflow.operators.bash.BashOperator` attribute is deprecated. Please use `'airflow.providers.standard.operators.bash.BashOperator'`.","category":"UserWarning","filename":"/opt/airflow/dags/orchestrate.py","lineno":3,"logger":"py.warnings"}
{"timestamp":"2026-07-24T17:54:44.047499Z","level":"info","event":"Filling up the DagBag from /opt/airflow/dags/orchestrate.py","logger":"airflow.dag_processing.dagbag.BundleDagBag","filename":"dagbag.py","lineno":460}
{"timestamp":"2026-07-24T17:54:45.088480Z","level":"warning","event":"The `airflow.operators.bash.BashOperator` attribute is deprecated. Please use `'airflow.providers.standard.operators.bash.BashOperator'`.","category":"UserWarning","filename":"/opt/airflow/dags/orchestrate.py","lineno":3,"logger":"py.warnings"}
{"timestamp":"2026-07-24T17:55:15.565964Z","level":"info","event":"Filling up the DagBag from /opt/airflow/dags/orchestrate.py","logger":"airflow.dag_processing.dagbag.BundleDagBag","filename":"dagbag.py","lineno":460}
{"timestamp":"2026-07-24T17:55:16.546833Z","level":"warning","event":"The `airflow.operators.bash.BashOperator` attribute is deprecated. Please use `'airflow.providers.standard.operators.bash.BashOperator'`.","category":"UserWarning","filename":"/opt/airflow/dags/orchestrate.py","lineno":3,"logger":"py.warnings"}
{"timestamp":"2026-07-24T17:55:46.947569Z","level":"info","event":"Filling up the DagBag from /opt/airflow/dags/orchestrate.py","logger":"airflow.dag_processing.dagbag.BundleDagBag","filename":"dagbag.py","lineno":460}
{"timestamp":"2026-07-24T17:55:47.913754Z","level":"warning","event":"The `airflow.operators.bash.BashOperator` attribute is deprecated. Please use `'airflow.providers.standard.operators.bash.BashOperator'`.","category":"UserWarning","filename":"/opt/airflow/dags/orchestrate.py","lineno":3,"logger":"py.warnings"}
