{"timestamp":"2026-07-16T01:19:17.194427Z","level":"info","event":"Filling up the DagBag from /opt/airflow/dags/orchestrate.py","logger":"airflow.dag_processing.dagbag.BundleDagBag","filename":"dagbag.py","lineno":469}
{"timestamp":"2026-07-16T01:19:17.214067Z","level":"error","event":"Failed to import: /opt/airflow/dags/orchestrate.py","logger":"airflow.dag_processing.importers.python_importer","filename":"python_importer.py","lineno":244,"error_detail":[{"exc_type":"SyntaxError","exc_value":"invalid syntax (orchestrate.py, line 4)","exc_notes":[],"syntax_error":{"offset":0,"filename":"/opt/airflow/dags/orchestrate.py","line":"\n","lineno":4,"msg":"invalid syntax"},"is_cause":false,"frames":[{"filename":"/home/airflow/.local/lib/python3.13/site-packages/airflow/dag_processing/importers/python_importer.py","lineno":238,"name":"parse"},{"filename":"<frozen importlib._bootstrap_external>","lineno":1019,"name":"exec_module"},{"filename":"<frozen importlib._bootstrap_external>","lineno":1157,"name":"get_code"},{"filename":"<frozen importlib._bootstrap_external>","lineno":1087,"name":"source_to_code"},{"filename":"<frozen importlib._bootstrap>","lineno":488,"name":"_call_with_frames_removed"}],"is_group":false,"exceptions":[]}]}
{"timestamp":"2026-07-16T01:19:17.216481Z","level":"error","event":"Error loading DAG from orchestrate.py: invalid syntax (orchestrate.py, line 4)","logger":"airflow.dag_processing.dagbag.BundleDagBag","filename":"dagbag.py","lineno":327}
{"timestamp":"2026-07-16T01:19:47.451896Z","level":"info","event":"Filling up the DagBag from /opt/airflow/dags/orchestrate.py","logger":"airflow.dag_processing.dagbag.BundleDagBag","filename":"dagbag.py","lineno":469}
{"timestamp":"2026-07-16T01:19:47.465101Z","level":"error","event":"Failed to import: /opt/airflow/dags/orchestrate.py","logger":"airflow.dag_processing.importers.python_importer","filename":"python_importer.py","lineno":244,"error_detail":[{"exc_type":"SyntaxError","exc_value":"invalid syntax (orchestrate.py, line 4)","exc_notes":[],"syntax_error":{"offset":0,"filename":"/opt/airflow/dags/orchestrate.py","line":"\n","lineno":4,"msg":"invalid syntax"},"is_cause":false,"frames":[{"filename":"/home/airflow/.local/lib/python3.13/site-packages/airflow/dag_processing/importers/python_importer.py","lineno":238,"name":"parse"},{"filename":"<frozen importlib._bootstrap_external>","lineno":1019,"name":"exec_module"},{"filename":"<frozen importlib._bootstrap_external>","lineno":1157,"name":"get_code"},{"filename":"<frozen importlib._bootstrap_external>","lineno":1087,"name":"source_to_code"},{"filename":"<frozen importlib._bootstrap>","lineno":488,"name":"_call_with_frames_removed"}],"is_group":false,"exceptions":[]}]}
{"timestamp":"2026-07-16T01:19:47.466260Z","level":"error","event":"Error loading DAG from orchestrate.py: invalid syntax (orchestrate.py, line 4)","logger":"airflow.dag_processing.dagbag.BundleDagBag","filename":"dagbag.py","lineno":327}
{"timestamp":"2026-07-16T01:20:17.715449Z","level":"info","event":"Filling up the DagBag from /opt/airflow/dags/orchestrate.py","logger":"airflow.dag_processing.dagbag.BundleDagBag","filename":"dagbag.py","lineno":469}
{"timestamp":"2026-07-16T01:20:17.741919Z","level":"error","event":"Failed to import: /opt/airflow/dags/orchestrate.py","logger":"airflow.dag_processing.importers.python_importer","filename":"python_importer.py","lineno":244,"error_detail":[{"exc_type":"SyntaxError","exc_value":"invalid syntax (orchestrate.py, line 4)","exc_notes":[],"syntax_error":{"offset":0,"filename":"/opt/airflow/dags/orchestrate.py","line":"\n","lineno":4,"msg":"invalid syntax"},"is_cause":false,"frames":[{"filename":"/home/airflow/.local/lib/python3.13/site-packages/airflow/dag_processing/importers/python_importer.py","lineno":238,"name":"parse"},{"filename":"<frozen importlib._bootstrap_external>","lineno":1019,"name":"exec_module"},{"filename":"<frozen importlib._bootstrap_external>","lineno":1157,"name":"get_code"},{"filename":"<frozen importlib._bootstrap_external>","lineno":1087,"name":"source_to_code"},{"filename":"<frozen importlib._bootstrap>","lineno":488,"name":"_call_with_frames_removed"}],"is_group":false,"exceptions":[]}]}
{"timestamp":"2026-07-16T01:20:17.742915Z","level":"error","event":"Error loading DAG from orchestrate.py: invalid syntax (orchestrate.py, line 4)","logger":"airflow.dag_processing.dagbag.BundleDagBag","filename":"dagbag.py","lineno":327}
{"timestamp":"2026-07-16T01:20:48.003969Z","level":"info","event":"Filling up the DagBag from /opt/airflow/dags/orchestrate.py","logger":"airflow.dag_processing.dagbag.BundleDagBag","filename":"dagbag.py","lineno":469}
{"timestamp":"2026-07-16T01:20:48.018281Z","level":"error","event":"Failed to import: /opt/airflow/dags/orchestrate.py","logger":"airflow.dag_processing.importers.python_importer","filename":"python_importer.py","lineno":244,"error_detail":[{"exc_type":"SyntaxError","exc_value":"invalid syntax (orchestrate.py, line 4)","exc_notes":[],"syntax_error":{"offset":0,"filename":"/opt/airflow/dags/orchestrate.py","line":"\n","lineno":4,"msg":"invalid syntax"},"is_cause":false,"frames":[{"filename":"/home/airflow/.local/lib/python3.13/site-packages/airflow/dag_processing/importers/python_importer.py","lineno":238,"name":"parse"},{"filename":"<frozen importlib._bootstrap_external>","lineno":1019,"name":"exec_module"},{"filename":"<frozen importlib._bootstrap_external>","lineno":1157,"name":"get_code"},{"filename":"<frozen importlib._bootstrap_external>","lineno":1087,"name":"source_to_code"},{"filename":"<frozen importlib._bootstrap>","lineno":488,"name":"_call_with_frames_removed"}],"is_group":false,"exceptions":[]}]}
{"timestamp":"2026-07-16T01:20:48.019096Z","level":"error","event":"Error loading DAG from orchestrate.py: invalid syntax (orchestrate.py, line 4)","logger":"airflow.dag_processing.dagbag.BundleDagBag","filename":"dagbag.py","lineno":327}
{"timestamp":"2026-07-16T01:20:59.167741Z","level":"info","event":"Filling up the DagBag from /opt/airflow/dags/orchestrate.py","logger":"airflow.dag_processing.dagbag.BundleDagBag","filename":"dagbag.py","lineno":469}
{"timestamp":"2026-07-16T01:21:29.490821Z","level":"info","event":"Filling up the DagBag from /opt/airflow/dags/orchestrate.py","logger":"airflow.dag_processing.dagbag.BundleDagBag","filename":"dagbag.py","lineno":469}
{"timestamp":"2026-07-16T01:21:59.905657Z","level":"info","event":"Filling up the DagBag from /opt/airflow/dags/orchestrate.py","logger":"airflow.dag_processing.dagbag.BundleDagBag","filename":"dagbag.py","lineno":469}
{"timestamp":"2026-07-16T01:22:30.393434Z","level":"info","event":"Filling up the DagBag from /opt/airflow/dags/orchestrate.py","logger":"airflow.dag_processing.dagbag.BundleDagBag","filename":"dagbag.py","lineno":469}
{"timestamp":"2026-07-16T01:23:00.832795Z","level":"info","event":"Filling up the DagBag from /opt/airflow/dags/orchestrate.py","logger":"airflow.dag_processing.dagbag.BundleDagBag","filename":"dagbag.py","lineno":469}
{"timestamp":"2026-07-16T01:23:31.199960Z","level":"info","event":"Filling up the DagBag from /opt/airflow/dags/orchestrate.py","logger":"airflow.dag_processing.dagbag.BundleDagBag","filename":"dagbag.py","lineno":469}
{"timestamp":"2026-07-16T01:24:01.450727Z","level":"info","event":"Filling up the DagBag from /opt/airflow/dags/orchestrate.py","logger":"airflow.dag_processing.dagbag.BundleDagBag","filename":"dagbag.py","lineno":469}
{"timestamp":"2026-07-16T01:24:31.752313Z","level":"info","event":"Filling up the DagBag from /opt/airflow/dags/orchestrate.py","logger":"airflow.dag_processing.dagbag.BundleDagBag","filename":"dagbag.py","lineno":469}
{"timestamp":"2026-07-16T01:25:02.016517Z","level":"info","event":"Filling up the DagBag from /opt/airflow/dags/orchestrate.py","logger":"airflow.dag_processing.dagbag.BundleDagBag","filename":"dagbag.py","lineno":469}
{"timestamp":"2026-07-16T01:25:32.329119Z","level":"info","event":"Filling up the DagBag from /opt/airflow/dags/orchestrate.py","logger":"airflow.dag_processing.dagbag.BundleDagBag","filename":"dagbag.py","lineno":469}
{"timestamp":"2026-07-16T01:26:02.873713Z","level":"info","event":"Filling up the DagBag from /opt/airflow/dags/orchestrate.py","logger":"airflow.dag_processing.dagbag.BundleDagBag","filename":"dagbag.py","lineno":469}
{"timestamp":"2026-07-16T01:26:33.175939Z","level":"info","event":"Filling up the DagBag from /opt/airflow/dags/orchestrate.py","logger":"airflow.dag_processing.dagbag.BundleDagBag","filename":"dagbag.py","lineno":469}
{"timestamp":"2026-07-16T01:26:36.355235Z","level":"info","event":"Filling up the DagBag from /opt/airflow/dags/orchestrate.py","logger":"airflow.dag_processing.dagbag.BundleDagBag","filename":"dagbag.py","lineno":469}
{"timestamp":"2026-07-16T01:26:36.422554Z","level":"warning","event":"The `airflow.operators.bash.BashOperator` attribute is deprecated. Please use `'airflow.providers.standard.operators.bash.BashOperator'`.","category":"UserWarning","filename":"/opt/airflow/dags/orchestrate.py","lineno":2,"logger":"py.warnings"}
{"timestamp":"2026-07-16T01:27:06.676221Z","level":"info","event":"Filling up the DagBag from /opt/airflow/dags/orchestrate.py","logger":"airflow.dag_processing.dagbag.BundleDagBag","filename":"dagbag.py","lineno":469}
{"timestamp":"2026-07-16T01:27:06.713407Z","level":"warning","event":"The `airflow.operators.bash.BashOperator` attribute is deprecated. Please use `'airflow.providers.standard.operators.bash.BashOperator'`.","category":"UserWarning","filename":"/opt/airflow/dags/orchestrate.py","lineno":2,"logger":"py.warnings"}
{"timestamp":"2026-07-16T01:27:37.036878Z","level":"info","event":"Filling up the DagBag from /opt/airflow/dags/orchestrate.py","logger":"airflow.dag_processing.dagbag.BundleDagBag","filename":"dagbag.py","lineno":469}
{"timestamp":"2026-07-16T01:27:37.087709Z","level":"warning","event":"The `airflow.operators.bash.BashOperator` attribute is deprecated. Please use `'airflow.providers.standard.operators.bash.BashOperator'`.","category":"UserWarning","filename":"/opt/airflow/dags/orchestrate.py","lineno":2,"logger":"py.warnings"}
{"timestamp":"2026-07-16T01:28:07.335847Z","level":"info","event":"Filling up the DagBag from /opt/airflow/dags/orchestrate.py","logger":"airflow.dag_processing.dagbag.BundleDagBag","filename":"dagbag.py","lineno":469}
{"timestamp":"2026-07-16T01:28:07.365923Z","level":"warning","event":"The `airflow.operators.bash.BashOperator` attribute is deprecated. Please use `'airflow.providers.standard.operators.bash.BashOperator'`.","category":"UserWarning","filename":"/opt/airflow/dags/orchestrate.py","lineno":2,"logger":"py.warnings"}
{"timestamp":"2026-07-16T01:28:37.601578Z","level":"info","event":"Filling up the DagBag from /opt/airflow/dags/orchestrate.py","logger":"airflow.dag_processing.dagbag.BundleDagBag","filename":"dagbag.py","lineno":469}
{"timestamp":"2026-07-16T01:28:37.631240Z","level":"warning","event":"The `airflow.operators.bash.BashOperator` attribute is deprecated. Please use `'airflow.providers.standard.operators.bash.BashOperator'`.","category":"UserWarning","filename":"/opt/airflow/dags/orchestrate.py","lineno":2,"logger":"py.warnings"}
{"timestamp":"2026-07-16T01:29:07.857990Z","level":"info","event":"Filling up the DagBag from /opt/airflow/dags/orchestrate.py","logger":"airflow.dag_processing.dagbag.BundleDagBag","filename":"dagbag.py","lineno":469}
{"timestamp":"2026-07-16T01:29:07.887826Z","level":"warning","event":"The `airflow.operators.bash.BashOperator` attribute is deprecated. Please use `'airflow.providers.standard.operators.bash.BashOperator'`.","category":"UserWarning","filename":"/opt/airflow/dags/orchestrate.py","lineno":2,"logger":"py.warnings"}
{"timestamp":"2026-07-16T01:29:38.116756Z","level":"info","event":"Filling up the DagBag from /opt/airflow/dags/orchestrate.py","logger":"airflow.dag_processing.dagbag.BundleDagBag","filename":"dagbag.py","lineno":469}
{"timestamp":"2026-07-16T01:29:38.148785Z","level":"warning","event":"The `airflow.operators.bash.BashOperator` attribute is deprecated. Please use `'airflow.providers.standard.operators.bash.BashOperator'`.","category":"UserWarning","filename":"/opt/airflow/dags/orchestrate.py","lineno":2,"logger":"py.warnings"}
{"timestamp":"2026-07-16T01:30:08.435312Z","level":"info","event":"Filling up the DagBag from /opt/airflow/dags/orchestrate.py","logger":"airflow.dag_processing.dagbag.BundleDagBag","filename":"dagbag.py","lineno":469}
{"timestamp":"2026-07-16T01:30:08.466221Z","level":"warning","event":"The `airflow.operators.bash.BashOperator` attribute is deprecated. Please use `'airflow.providers.standard.operators.bash.BashOperator'`.","category":"UserWarning","filename":"/opt/airflow/dags/orchestrate.py","lineno":2,"logger":"py.warnings"}
{"timestamp":"2026-07-16T01:30:38.715041Z","level":"info","event":"Filling up the DagBag from /opt/airflow/dags/orchestrate.py","logger":"airflow.dag_processing.dagbag.BundleDagBag","filename":"dagbag.py","lineno":469}
{"timestamp":"2026-07-16T01:30:38.751956Z","level":"warning","event":"The `airflow.operators.bash.BashOperator` attribute is deprecated. Please use `'airflow.providers.standard.operators.bash.BashOperator'`.","category":"UserWarning","filename":"/opt/airflow/dags/orchestrate.py","lineno":2,"logger":"py.warnings"}
{"timestamp":"2026-07-16T01:30:56.952722Z","level":"info","event":"Filling up the DagBag from /opt/airflow/dags/orchestrate.py","logger":"airflow.dag_processing.dagbag.BundleDagBag","filename":"dagbag.py","lineno":469}
{"timestamp":"2026-07-16T01:30:57.037579Z","level":"warning","event":"The `airflow.operators.bash.BashOperator` attribute is deprecated. Please use `'airflow.providers.standard.operators.bash.BashOperator'`.","category":"UserWarning","filename":"/opt/airflow/dags/orchestrate.py","lineno":2,"logger":"py.warnings"}
{"timestamp":"2026-07-16T01:31:27.365681Z","level":"info","event":"Filling up the DagBag from /opt/airflow/dags/orchestrate.py","logger":"airflow.dag_processing.dagbag.BundleDagBag","filename":"dagbag.py","lineno":469}
{"timestamp":"2026-07-16T01:31:27.406744Z","level":"warning","event":"The `airflow.operators.bash.BashOperator` attribute is deprecated. Please use `'airflow.providers.standard.operators.bash.BashOperator'`.","category":"UserWarning","filename":"/opt/airflow/dags/orchestrate.py","lineno":2,"logger":"py.warnings"}
{"timestamp":"2026-07-16T01:31:57.657464Z","level":"info","event":"Filling up the DagBag from /opt/airflow/dags/orchestrate.py","logger":"airflow.dag_processing.dagbag.BundleDagBag","filename":"dagbag.py","lineno":469}
{"timestamp":"2026-07-16T01:31:57.693382Z","level":"warning","event":"The `airflow.operators.bash.BashOperator` attribute is deprecated. Please use `'airflow.providers.standard.operators.bash.BashOperator'`.","category":"UserWarning","filename":"/opt/airflow/dags/orchestrate.py","lineno":2,"logger":"py.warnings"}
{"timestamp":"2026-07-16T01:32:27.944578Z","level":"info","event":"Filling up the DagBag from /opt/airflow/dags/orchestrate.py","logger":"airflow.dag_processing.dagbag.BundleDagBag","filename":"dagbag.py","lineno":469}
{"timestamp":"2026-07-16T01:32:27.988760Z","level":"warning","event":"The `airflow.operators.bash.BashOperator` attribute is deprecated. Please use `'airflow.providers.standard.operators.bash.BashOperator'`.","category":"UserWarning","filename":"/opt/airflow/dags/orchestrate.py","lineno":2,"logger":"py.warnings"}
{"timestamp":"2026-07-16T01:32:58.289058Z","level":"info","event":"Filling up the DagBag from /opt/airflow/dags/orchestrate.py","logger":"airflow.dag_processing.dagbag.BundleDagBag","filename":"dagbag.py","lineno":469}
{"timestamp":"2026-07-16T01:32:58.389217Z","level":"warning","event":"The `airflow.operators.bash.BashOperator` attribute is deprecated. Please use `'airflow.providers.standard.operators.bash.BashOperator'`.","category":"UserWarning","filename":"/opt/airflow/dags/orchestrate.py","lineno":2,"logger":"py.warnings"}
{"timestamp":"2026-07-16T01:33:28.863897Z","level":"info","event":"Filling up the DagBag from /opt/airflow/dags/orchestrate.py","logger":"airflow.dag_processing.dagbag.BundleDagBag","filename":"dagbag.py","lineno":469}
{"timestamp":"2026-07-16T01:33:28.923593Z","level":"warning","event":"The `airflow.operators.bash.BashOperator` attribute is deprecated. Please use `'airflow.providers.standard.operators.bash.BashOperator'`.","category":"UserWarning","filename":"/opt/airflow/dags/orchestrate.py","lineno":2,"logger":"py.warnings"}
{"timestamp":"2026-07-16T01:33:59.236771Z","level":"info","event":"Filling up the DagBag from /opt/airflow/dags/orchestrate.py","logger":"airflow.dag_processing.dagbag.BundleDagBag","filename":"dagbag.py","lineno":469}
{"timestamp":"2026-07-16T01:33:59.270646Z","level":"warning","event":"The `airflow.operators.bash.BashOperator` attribute is deprecated. Please use `'airflow.providers.standard.operators.bash.BashOperator'`.","category":"UserWarning","filename":"/opt/airflow/dags/orchestrate.py","lineno":2,"logger":"py.warnings"}
{"timestamp":"2026-07-16T01:34:29.533188Z","level":"info","event":"Filling up the DagBag from /opt/airflow/dags/orchestrate.py","logger":"airflow.dag_processing.dagbag.BundleDagBag","filename":"dagbag.py","lineno":469}
{"timestamp":"2026-07-16T01:34:29.566159Z","level":"warning","event":"The `airflow.operators.bash.BashOperator` attribute is deprecated. Please use `'airflow.providers.standard.operators.bash.BashOperator'`.","category":"UserWarning","filename":"/opt/airflow/dags/orchestrate.py","lineno":2,"logger":"py.warnings"}
{"timestamp":"2026-07-16T01:34:59.805756Z","level":"info","event":"Filling up the DagBag from /opt/airflow/dags/orchestrate.py","logger":"airflow.dag_processing.dagbag.BundleDagBag","filename":"dagbag.py","lineno":469}
{"timestamp":"2026-07-16T01:34:59.838360Z","level":"warning","event":"The `airflow.operators.bash.BashOperator` attribute is deprecated. Please use `'airflow.providers.standard.operators.bash.BashOperator'`.","category":"UserWarning","filename":"/opt/airflow/dags/orchestrate.py","lineno":2,"logger":"py.warnings"}
{"timestamp":"2026-07-16T01:35:30.108381Z","level":"info","event":"Filling up the DagBag from /opt/airflow/dags/orchestrate.py","logger":"airflow.dag_processing.dagbag.BundleDagBag","filename":"dagbag.py","lineno":469}
{"timestamp":"2026-07-16T01:35:30.143345Z","level":"warning","event":"The `airflow.operators.bash.BashOperator` attribute is deprecated. Please use `'airflow.providers.standard.operators.bash.BashOperator'`.","category":"UserWarning","filename":"/opt/airflow/dags/orchestrate.py","lineno":2,"logger":"py.warnings"}
{"timestamp":"2026-07-16T01:36:00.403506Z","level":"info","event":"Filling up the DagBag from /opt/airflow/dags/orchestrate.py","logger":"airflow.dag_processing.dagbag.BundleDagBag","filename":"dagbag.py","lineno":469}
{"timestamp":"2026-07-16T01:36:00.437050Z","level":"warning","event":"The `airflow.operators.bash.BashOperator` attribute is deprecated. Please use `'airflow.providers.standard.operators.bash.BashOperator'`.","category":"UserWarning","filename":"/opt/airflow/dags/orchestrate.py","lineno":2,"logger":"py.warnings"}
{"timestamp":"2026-07-16T01:36:30.716361Z","level":"info","event":"Filling up the DagBag from /opt/airflow/dags/orchestrate.py","logger":"airflow.dag_processing.dagbag.BundleDagBag","filename":"dagbag.py","lineno":469}
{"timestamp":"2026-07-16T01:36:30.749229Z","level":"warning","event":"The `airflow.operators.bash.BashOperator` attribute is deprecated. Please use `'airflow.providers.standard.operators.bash.BashOperator'`.","category":"UserWarning","filename":"/opt/airflow/dags/orchestrate.py","lineno":2,"logger":"py.warnings"}
{"timestamp":"2026-07-16T01:37:00.993088Z","level":"info","event":"Filling up the DagBag from /opt/airflow/dags/orchestrate.py","logger":"airflow.dag_processing.dagbag.BundleDagBag","filename":"dagbag.py","lineno":469}
{"timestamp":"2026-07-16T01:37:01.025905Z","level":"warning","event":"The `airflow.operators.bash.BashOperator` attribute is deprecated. Please use `'airflow.providers.standard.operators.bash.BashOperator'`.","category":"UserWarning","filename":"/opt/airflow/dags/orchestrate.py","lineno":2,"logger":"py.warnings"}
{"timestamp":"2026-07-16T01:37:31.298308Z","level":"info","event":"Filling up the DagBag from /opt/airflow/dags/orchestrate.py","logger":"airflow.dag_processing.dagbag.BundleDagBag","filename":"dagbag.py","lineno":469}
{"timestamp":"2026-07-16T01:37:31.329357Z","level":"warning","event":"The `airflow.operators.bash.BashOperator` attribute is deprecated. Please use `'airflow.providers.standard.operators.bash.BashOperator'`.","category":"UserWarning","filename":"/opt/airflow/dags/orchestrate.py","lineno":2,"logger":"py.warnings"}
{"timestamp":"2026-07-16T01:38:01.604421Z","level":"info","event":"Filling up the DagBag from /opt/airflow/dags/orchestrate.py","logger":"airflow.dag_processing.dagbag.BundleDagBag","filename":"dagbag.py","lineno":469}
{"timestamp":"2026-07-16T01:38:01.640116Z","level":"warning","event":"The `airflow.operators.bash.BashOperator` attribute is deprecated. Please use `'airflow.providers.standard.operators.bash.BashOperator'`.","category":"UserWarning","filename":"/opt/airflow/dags/orchestrate.py","lineno":2,"logger":"py.warnings"}
{"timestamp":"2026-07-16T01:38:31.866598Z","level":"info","event":"Filling up the DagBag from /opt/airflow/dags/orchestrate.py","logger":"airflow.dag_processing.dagbag.BundleDagBag","filename":"dagbag.py","lineno":469}
{"timestamp":"2026-07-16T01:38:31.900383Z","level":"warning","event":"The `airflow.operators.bash.BashOperator` attribute is deprecated. Please use `'airflow.providers.standard.operators.bash.BashOperator'`.","category":"UserWarning","filename":"/opt/airflow/dags/orchestrate.py","lineno":2,"logger":"py.warnings"}
{"timestamp":"2026-07-16T01:39:02.211164Z","level":"info","event":"Filling up the DagBag from /opt/airflow/dags/orchestrate.py","logger":"airflow.dag_processing.dagbag.BundleDagBag","filename":"dagbag.py","lineno":469}
{"timestamp":"2026-07-16T01:39:02.250227Z","level":"warning","event":"The `airflow.operators.bash.BashOperator` attribute is deprecated. Please use `'airflow.providers.standard.operators.bash.BashOperator'`.","category":"UserWarning","filename":"/opt/airflow/dags/orchestrate.py","lineno":2,"logger":"py.warnings"}
{"timestamp":"2026-07-16T01:39:32.543421Z","level":"info","event":"Filling up the DagBag from /opt/airflow/dags/orchestrate.py","logger":"airflow.dag_processing.dagbag.BundleDagBag","filename":"dagbag.py","lineno":469}
{"timestamp":"2026-07-16T01:39:32.581115Z","level":"warning","event":"The `airflow.operators.bash.BashOperator` attribute is deprecated. Please use `'airflow.providers.standard.operators.bash.BashOperator'`.","category":"UserWarning","filename":"/opt/airflow/dags/orchestrate.py","lineno":2,"logger":"py.warnings"}
{"timestamp":"2026-07-16T01:40:02.825666Z","level":"info","event":"Filling up the DagBag from /opt/airflow/dags/orchestrate.py","logger":"airflow.dag_processing.dagbag.BundleDagBag","filename":"dagbag.py","lineno":469}
{"timestamp":"2026-07-16T01:40:02.857114Z","level":"warning","event":"The `airflow.operators.bash.BashOperator` attribute is deprecated. Please use `'airflow.providers.standard.operators.bash.BashOperator'`.","category":"UserWarning","filename":"/opt/airflow/dags/orchestrate.py","lineno":2,"logger":"py.warnings"}
{"timestamp":"2026-07-16T01:40:33.218072Z","level":"info","event":"Filling up the DagBag from /opt/airflow/dags/orchestrate.py","logger":"airflow.dag_processing.dagbag.BundleDagBag","filename":"dagbag.py","lineno":469}
{"timestamp":"2026-07-16T01:40:33.266504Z","level":"warning","event":"The `airflow.operators.bash.BashOperator` attribute is deprecated. Please use `'airflow.providers.standard.operators.bash.BashOperator'`.","category":"UserWarning","filename":"/opt/airflow/dags/orchestrate.py","lineno":2,"logger":"py.warnings"}
{"timestamp":"2026-07-16T01:41:03.499632Z","level":"info","event":"Filling up the DagBag from /opt/airflow/dags/orchestrate.py","logger":"airflow.dag_processing.dagbag.BundleDagBag","filename":"dagbag.py","lineno":469}
{"timestamp":"2026-07-16T01:41:03.535083Z","level":"warning","event":"The `airflow.operators.bash.BashOperator` attribute is deprecated. Please use `'airflow.providers.standard.operators.bash.BashOperator'`.","category":"UserWarning","filename":"/opt/airflow/dags/orchestrate.py","lineno":2,"logger":"py.warnings"}
{"timestamp":"2026-07-16T01:41:33.856181Z","level":"info","event":"Filling up the DagBag from /opt/airflow/dags/orchestrate.py","logger":"airflow.dag_processing.dagbag.BundleDagBag","filename":"dagbag.py","lineno":469}
{"timestamp":"2026-07-16T01:41:33.903747Z","level":"warning","event":"The `airflow.operators.bash.BashOperator` attribute is deprecated. Please use `'airflow.providers.standard.operators.bash.BashOperator'`.","category":"UserWarning","filename":"/opt/airflow/dags/orchestrate.py","lineno":2,"logger":"py.warnings"}
{"timestamp":"2026-07-16T01:42:04.151541Z","level":"info","event":"Filling up the DagBag from /opt/airflow/dags/orchestrate.py","logger":"airflow.dag_processing.dagbag.BundleDagBag","filename":"dagbag.py","lineno":469}
{"timestamp":"2026-07-16T01:42:04.184140Z","level":"warning","event":"The `airflow.operators.bash.BashOperator` attribute is deprecated. Please use `'airflow.providers.standard.operators.bash.BashOperator'`.","category":"UserWarning","filename":"/opt/airflow/dags/orchestrate.py","lineno":2,"logger":"py.warnings"}
{"timestamp":"2026-07-16T01:42:34.435592Z","level":"info","event":"Filling up the DagBag from /opt/airflow/dags/orchestrate.py","logger":"airflow.dag_processing.dagbag.BundleDagBag","filename":"dagbag.py","lineno":469}
{"timestamp":"2026-07-16T01:42:34.470758Z","level":"warning","event":"The `airflow.operators.bash.BashOperator` attribute is deprecated. Please use `'airflow.providers.standard.operators.bash.BashOperator'`.","category":"UserWarning","filename":"/opt/airflow/dags/orchestrate.py","lineno":2,"logger":"py.warnings"}
{"timestamp":"2026-07-16T01:43:04.731184Z","level":"info","event":"Filling up the DagBag from /opt/airflow/dags/orchestrate.py","logger":"airflow.dag_processing.dagbag.BundleDagBag","filename":"dagbag.py","lineno":469}
{"timestamp":"2026-07-16T01:43:04.767836Z","level":"warning","event":"The `airflow.operators.bash.BashOperator` attribute is deprecated. Please use `'airflow.providers.standard.operators.bash.BashOperator'`.","category":"UserWarning","filename":"/opt/airflow/dags/orchestrate.py","lineno":2,"logger":"py.warnings"}
{"timestamp":"2026-07-16T01:43:35.242141Z","level":"info","event":"Filling up the DagBag from /opt/airflow/dags/orchestrate.py","logger":"airflow.dag_processing.dagbag.BundleDagBag","filename":"dagbag.py","lineno":469}
{"timestamp":"2026-07-16T01:43:35.278527Z","level":"warning","event":"The `airflow.operators.bash.BashOperator` attribute is deprecated. Please use `'airflow.providers.standard.operators.bash.BashOperator'`.","category":"UserWarning","filename":"/opt/airflow/dags/orchestrate.py","lineno":2,"logger":"py.warnings"}
{"timestamp":"2026-07-16T01:44:05.540124Z","level":"info","event":"Filling up the DagBag from /opt/airflow/dags/orchestrate.py","logger":"airflow.dag_processing.dagbag.BundleDagBag","filename":"dagbag.py","lineno":469}
{"timestamp":"2026-07-16T01:44:05.572284Z","level":"warning","event":"The `airflow.operators.bash.BashOperator` attribute is deprecated. Please use `'airflow.providers.standard.operators.bash.BashOperator'`.","category":"UserWarning","filename":"/opt/airflow/dags/orchestrate.py","lineno":2,"logger":"py.warnings"}
{"timestamp":"2026-07-16T01:44:35.813468Z","level":"info","event":"Filling up the DagBag from /opt/airflow/dags/orchestrate.py","logger":"airflow.dag_processing.dagbag.BundleDagBag","filename":"dagbag.py","lineno":469}
{"timestamp":"2026-07-16T01:44:35.847136Z","level":"warning","event":"The `airflow.operators.bash.BashOperator` attribute is deprecated. Please use `'airflow.providers.standard.operators.bash.BashOperator'`.","category":"UserWarning","filename":"/opt/airflow/dags/orchestrate.py","lineno":2,"logger":"py.warnings"}
{"timestamp":"2026-07-16T01:45:06.082458Z","level":"info","event":"Filling up the DagBag from /opt/airflow/dags/orchestrate.py","logger":"airflow.dag_processing.dagbag.BundleDagBag","filename":"dagbag.py","lineno":469}
{"timestamp":"2026-07-16T01:45:06.119350Z","level":"warning","event":"The `airflow.operators.bash.BashOperator` attribute is deprecated. Please use `'airflow.providers.standard.operators.bash.BashOperator'`.","category":"UserWarning","filename":"/opt/airflow/dags/orchestrate.py","lineno":2,"logger":"py.warnings"}
{"timestamp":"2026-07-16T01:45:36.355373Z","level":"info","event":"Filling up the DagBag from /opt/airflow/dags/orchestrate.py","logger":"airflow.dag_processing.dagbag.BundleDagBag","filename":"dagbag.py","lineno":469}
{"timestamp":"2026-07-16T01:45:36.389750Z","level":"warning","event":"The `airflow.operators.bash.BashOperator` attribute is deprecated. Please use `'airflow.providers.standard.operators.bash.BashOperator'`.","category":"UserWarning","filename":"/opt/airflow/dags/orchestrate.py","lineno":2,"logger":"py.warnings"}
{"timestamp":"2026-07-16T01:46:06.613832Z","level":"info","event":"Filling up the DagBag from /opt/airflow/dags/orchestrate.py","logger":"airflow.dag_processing.dagbag.BundleDagBag","filename":"dagbag.py","lineno":469}
{"timestamp":"2026-07-16T01:46:06.645099Z","level":"warning","event":"The `airflow.operators.bash.BashOperator` attribute is deprecated. Please use `'airflow.providers.standard.operators.bash.BashOperator'`.","category":"UserWarning","filename":"/opt/airflow/dags/orchestrate.py","lineno":2,"logger":"py.warnings"}
{"timestamp":"2026-07-16T01:46:36.937597Z","level":"info","event":"Filling up the DagBag from /opt/airflow/dags/orchestrate.py","logger":"airflow.dag_processing.dagbag.BundleDagBag","filename":"dagbag.py","lineno":469}
{"timestamp":"2026-07-16T01:46:36.988226Z","level":"warning","event":"The `airflow.operators.bash.BashOperator` attribute is deprecated. Please use `'airflow.providers.standard.operators.bash.BashOperator'`.","category":"UserWarning","filename":"/opt/airflow/dags/orchestrate.py","lineno":2,"logger":"py.warnings"}
{"timestamp":"2026-07-16T01:47:07.266754Z","level":"info","event":"Filling up the DagBag from /opt/airflow/dags/orchestrate.py","logger":"airflow.dag_processing.dagbag.BundleDagBag","filename":"dagbag.py","lineno":469}
{"timestamp":"2026-07-16T01:47:07.297750Z","level":"warning","event":"The `airflow.operators.bash.BashOperator` attribute is deprecated. Please use `'airflow.providers.standard.operators.bash.BashOperator'`.","category":"UserWarning","filename":"/opt/airflow/dags/orchestrate.py","lineno":2,"logger":"py.warnings"}
{"timestamp":"2026-07-16T01:47:37.558702Z","level":"info","event":"Filling up the DagBag from /opt/airflow/dags/orchestrate.py","logger":"airflow.dag_processing.dagbag.BundleDagBag","filename":"dagbag.py","lineno":469}
{"timestamp":"2026-07-16T01:47:37.598593Z","level":"warning","event":"The `airflow.operators.bash.BashOperator` attribute is deprecated. Please use `'airflow.providers.standard.operators.bash.BashOperator'`.","category":"UserWarning","filename":"/opt/airflow/dags/orchestrate.py","lineno":2,"logger":"py.warnings"}
{"timestamp":"2026-07-16T01:48:07.848290Z","level":"info","event":"Filling up the DagBag from /opt/airflow/dags/orchestrate.py","logger":"airflow.dag_processing.dagbag.BundleDagBag","filename":"dagbag.py","lineno":469}
{"timestamp":"2026-07-16T01:48:07.882864Z","level":"warning","event":"The `airflow.operators.bash.BashOperator` attribute is deprecated. Please use `'airflow.providers.standard.operators.bash.BashOperator'`.","category":"UserWarning","filename":"/opt/airflow/dags/orchestrate.py","lineno":2,"logger":"py.warnings"}
{"timestamp":"2026-07-16T01:48:38.176172Z","level":"info","event":"Filling up the DagBag from /opt/airflow/dags/orchestrate.py","logger":"airflow.dag_processing.dagbag.BundleDagBag","filename":"dagbag.py","lineno":469}
{"timestamp":"2026-07-16T01:48:38.219397Z","level":"warning","event":"The `airflow.operators.bash.BashOperator` attribute is deprecated. Please use `'airflow.providers.standard.operators.bash.BashOperator'`.","category":"UserWarning","filename":"/opt/airflow/dags/orchestrate.py","lineno":2,"logger":"py.warnings"}
{"timestamp":"2026-07-16T01:53:10.422607Z","level":"info","event":"Filling up the DagBag from /opt/airflow/dags/orchestrate.py","logger":"airflow.dag_processing.dagbag.BundleDagBag","filename":"dagbag.py","lineno":460}
{"timestamp":"2026-07-16T01:53:10.476135Z","level":"warning","event":"The `airflow.operators.bash.BashOperator` attribute is deprecated. Please use `'airflow.providers.standard.operators.bash.BashOperator'`.","category":"UserWarning","filename":"/opt/airflow/dags/orchestrate.py","lineno":2,"logger":"py.warnings"}
{"timestamp":"2026-07-16T01:53:40.716101Z","level":"info","event":"Filling up the DagBag from /opt/airflow/dags/orchestrate.py","logger":"airflow.dag_processing.dagbag.BundleDagBag","filename":"dagbag.py","lineno":460}
{"timestamp":"2026-07-16T01:53:40.750897Z","level":"warning","event":"The `airflow.operators.bash.BashOperator` attribute is deprecated. Please use `'airflow.providers.standard.operators.bash.BashOperator'`.","category":"UserWarning","filename":"/opt/airflow/dags/orchestrate.py","lineno":2,"logger":"py.warnings"}
{"timestamp":"2026-07-16T01:54:11.001289Z","level":"info","event":"Filling up the DagBag from /opt/airflow/dags/orchestrate.py","logger":"airflow.dag_processing.dagbag.BundleDagBag","filename":"dagbag.py","lineno":460}
{"timestamp":"2026-07-16T01:54:11.036892Z","level":"warning","event":"The `airflow.operators.bash.BashOperator` attribute is deprecated. Please use `'airflow.providers.standard.operators.bash.BashOperator'`.","category":"UserWarning","filename":"/opt/airflow/dags/orchestrate.py","lineno":2,"logger":"py.warnings"}
{"timestamp":"2026-07-16T01:54:41.282181Z","level":"info","event":"Filling up the DagBag from /opt/airflow/dags/orchestrate.py","logger":"airflow.dag_processing.dagbag.BundleDagBag","filename":"dagbag.py","lineno":460}
{"timestamp":"2026-07-16T01:54:41.320280Z","level":"warning","event":"The `airflow.operators.bash.BashOperator` attribute is deprecated. Please use `'airflow.providers.standard.operators.bash.BashOperator'`.","category":"UserWarning","filename":"/opt/airflow/dags/orchestrate.py","lineno":2,"logger":"py.warnings"}
{"timestamp":"2026-07-16T01:55:11.709605Z","level":"info","event":"Filling up the DagBag from /opt/airflow/dags/orchestrate.py","logger":"airflow.dag_processing.dagbag.BundleDagBag","filename":"dagbag.py","lineno":460}
{"timestamp":"2026-07-16T01:55:11.769774Z","level":"warning","event":"The `airflow.operators.bash.BashOperator` attribute is deprecated. Please use `'airflow.providers.standard.operators.bash.BashOperator'`.","category":"UserWarning","filename":"/opt/airflow/dags/orchestrate.py","lineno":2,"logger":"py.warnings"}
{"timestamp":"2026-07-16T01:55:42.143880Z","level":"info","event":"Filling up the DagBag from /opt/airflow/dags/orchestrate.py","logger":"airflow.dag_processing.dagbag.BundleDagBag","filename":"dagbag.py","lineno":460}
{"timestamp":"2026-07-16T01:55:42.175532Z","level":"warning","event":"The `airflow.operators.bash.BashOperator` attribute is deprecated. Please use `'airflow.providers.standard.operators.bash.BashOperator'`.","category":"UserWarning","filename":"/opt/airflow/dags/orchestrate.py","lineno":2,"logger":"py.warnings"}
{"timestamp":"2026-07-16T01:56:12.418081Z","level":"info","event":"Filling up the DagBag from /opt/airflow/dags/orchestrate.py","logger":"airflow.dag_processing.dagbag.BundleDagBag","filename":"dagbag.py","lineno":460}
{"timestamp":"2026-07-16T01:56:12.454105Z","level":"warning","event":"The `airflow.operators.bash.BashOperator` attribute is deprecated. Please use `'airflow.providers.standard.operators.bash.BashOperator'`.","category":"UserWarning","filename":"/opt/airflow/dags/orchestrate.py","lineno":2,"logger":"py.warnings"}
{"timestamp":"2026-07-16T01:56:42.706397Z","level":"info","event":"Filling up the DagBag from /opt/airflow/dags/orchestrate.py","logger":"airflow.dag_processing.dagbag.BundleDagBag","filename":"dagbag.py","lineno":460}
{"timestamp":"2026-07-16T01:56:42.740852Z","level":"warning","event":"The `airflow.operators.bash.BashOperator` attribute is deprecated. Please use `'airflow.providers.standard.operators.bash.BashOperator'`.","category":"UserWarning","filename":"/opt/airflow/dags/orchestrate.py","lineno":2,"logger":"py.warnings"}
{"timestamp":"2026-07-16T01:57:12.975271Z","level":"info","event":"Filling up the DagBag from /opt/airflow/dags/orchestrate.py","logger":"airflow.dag_processing.dagbag.BundleDagBag","filename":"dagbag.py","lineno":460}
{"timestamp":"2026-07-16T01:57:13.024348Z","level":"warning","event":"The `airflow.operators.bash.BashOperator` attribute is deprecated. Please use `'airflow.providers.standard.operators.bash.BashOperator'`.","category":"UserWarning","filename":"/opt/airflow/dags/orchestrate.py","lineno":2,"logger":"py.warnings"}
{"timestamp":"2026-07-16T01:57:43.267715Z","level":"info","event":"Filling up the DagBag from /opt/airflow/dags/orchestrate.py","logger":"airflow.dag_processing.dagbag.BundleDagBag","filename":"dagbag.py","lineno":460}
{"timestamp":"2026-07-16T01:57:43.307006Z","level":"warning","event":"The `airflow.operators.bash.BashOperator` attribute is deprecated. Please use `'airflow.providers.standard.operators.bash.BashOperator'`.","category":"UserWarning","filename":"/opt/airflow/dags/orchestrate.py","lineno":2,"logger":"py.warnings"}
{"timestamp":"2026-07-16T01:58:13.578234Z","level":"info","event":"Filling up the DagBag from /opt/airflow/dags/orchestrate.py","logger":"airflow.dag_processing.dagbag.BundleDagBag","filename":"dagbag.py","lineno":460}
{"timestamp":"2026-07-16T01:58:13.609359Z","level":"warning","event":"The `airflow.operators.bash.BashOperator` attribute is deprecated. Please use `'airflow.providers.standard.operators.bash.BashOperator'`.","category":"UserWarning","filename":"/opt/airflow/dags/orchestrate.py","lineno":2,"logger":"py.warnings"}
{"timestamp":"2026-07-16T01:58:31.766769Z","level":"info","event":"Filling up the DagBag from /opt/airflow/dags/orchestrate.py","logger":"airflow.dag_processing.dagbag.BundleDagBag","filename":"dagbag.py","lineno":460}
{"timestamp":"2026-07-16T01:58:31.810718Z","level":"warning","event":"The `airflow.operators.bash.BashOperator` attribute is deprecated. Please use `'airflow.providers.standard.operators.bash.BashOperator'`.","category":"UserWarning","filename":"/opt/airflow/dags/orchestrate.py","lineno":2,"logger":"py.warnings"}
{"timestamp":"2026-07-16T01:59:02.048684Z","level":"info","event":"Filling up the DagBag from /opt/airflow/dags/orchestrate.py","logger":"airflow.dag_processing.dagbag.BundleDagBag","filename":"dagbag.py","lineno":460}
{"timestamp":"2026-07-16T01:59:02.081711Z","level":"warning","event":"The `airflow.operators.bash.BashOperator` attribute is deprecated. Please use `'airflow.providers.standard.operators.bash.BashOperator'`.","category":"UserWarning","filename":"/opt/airflow/dags/orchestrate.py","lineno":2,"logger":"py.warnings"}
{"timestamp":"2026-07-16T01:59:32.423950Z","level":"info","event":"Filling up the DagBag from /opt/airflow/dags/orchestrate.py","logger":"airflow.dag_processing.dagbag.BundleDagBag","filename":"dagbag.py","lineno":460}
{"timestamp":"2026-07-16T01:59:32.467635Z","level":"warning","event":"The `airflow.operators.bash.BashOperator` attribute is deprecated. Please use `'airflow.providers.standard.operators.bash.BashOperator'`.","category":"UserWarning","filename":"/opt/airflow/dags/orchestrate.py","lineno":2,"logger":"py.warnings"}
{"timestamp":"2026-07-16T02:00:02.780482Z","level":"info","event":"Filling up the DagBag from /opt/airflow/dags/orchestrate.py","logger":"airflow.dag_processing.dagbag.BundleDagBag","filename":"dagbag.py","lineno":460}
{"timestamp":"2026-07-16T02:00:02.817682Z","level":"warning","event":"The `airflow.operators.bash.BashOperator` attribute is deprecated. Please use `'airflow.providers.standard.operators.bash.BashOperator'`.","category":"UserWarning","filename":"/opt/airflow/dags/orchestrate.py","lineno":2,"logger":"py.warnings"}
{"timestamp":"2026-07-16T02:00:09.917684Z","level":"info","event":"Filling up the DagBag from /opt/airflow/dags/orchestrate.py","logger":"airflow.dag_processing.dagbag.BundleDagBag","filename":"dagbag.py","lineno":460}
{"timestamp":"2026-07-16T02:00:09.959131Z","level":"warning","event":"The `airflow.operators.bash.BashOperator` attribute is deprecated. Please use `'airflow.providers.standard.operators.bash.BashOperator'`.","category":"UserWarning","filename":"/opt/airflow/dags/orchestrate.py","lineno":2,"logger":"py.warnings"}
{"timestamp":"2026-07-16T02:00:40.218002Z","level":"info","event":"Filling up the DagBag from /opt/airflow/dags/orchestrate.py","logger":"airflow.dag_processing.dagbag.BundleDagBag","filename":"dagbag.py","lineno":460}
{"timestamp":"2026-07-16T02:00:40.254371Z","level":"warning","event":"The `airflow.operators.bash.BashOperator` attribute is deprecated. Please use `'airflow.providers.standard.operators.bash.BashOperator'`.","category":"UserWarning","filename":"/opt/airflow/dags/orchestrate.py","lineno":2,"logger":"py.warnings"}
{"timestamp":"2026-07-16T02:01:10.502147Z","level":"info","event":"Filling up the DagBag from /opt/airflow/dags/orchestrate.py","logger":"airflow.dag_processing.dagbag.BundleDagBag","filename":"dagbag.py","lineno":460}
{"timestamp":"2026-07-16T02:01:10.534428Z","level":"warning","event":"The `airflow.operators.bash.BashOperator` attribute is deprecated. Please use `'airflow.providers.standard.operators.bash.BashOperator'`.","category":"UserWarning","filename":"/opt/airflow/dags/orchestrate.py","lineno":2,"logger":"py.warnings"}
{"timestamp":"2026-07-16T02:01:40.773111Z","level":"info","event":"Filling up the DagBag from /opt/airflow/dags/orchestrate.py","logger":"airflow.dag_processing.dagbag.BundleDagBag","filename":"dagbag.py","lineno":460}
{"timestamp":"2026-07-16T02:01:40.809200Z","level":"warning","event":"The `airflow.operators.bash.BashOperator` attribute is deprecated. Please use `'airflow.providers.standard.operators.bash.BashOperator'`.","category":"UserWarning","filename":"/opt/airflow/dags/orchestrate.py","lineno":2,"logger":"py.warnings"}
{"timestamp":"2026-07-16T02:02:11.058417Z","level":"info","event":"Filling up the DagBag from /opt/airflow/dags/orchestrate.py","logger":"airflow.dag_processing.dagbag.BundleDagBag","filename":"dagbag.py","lineno":460}
{"timestamp":"2026-07-16T02:02:11.098391Z","level":"warning","event":"The `airflow.operators.bash.BashOperator` attribute is deprecated. Please use `'airflow.providers.standard.operators.bash.BashOperator'`.","category":"UserWarning","filename":"/opt/airflow/dags/orchestrate.py","lineno":2,"logger":"py.warnings"}
{"timestamp":"2026-07-16T02:02:41.578395Z","level":"info","event":"Filling up the DagBag from /opt/airflow/dags/orchestrate.py","logger":"airflow.dag_processing.dagbag.BundleDagBag","filename":"dagbag.py","lineno":460}
{"timestamp":"2026-07-16T02:02:41.637511Z","level":"warning","event":"The `airflow.operators.bash.BashOperator` attribute is deprecated. Please use `'airflow.providers.standard.operators.bash.BashOperator'`.","category":"UserWarning","filename":"/opt/airflow/dags/orchestrate.py","lineno":2,"logger":"py.warnings"}
{"timestamp":"2026-07-16T02:03:11.905913Z","level":"info","event":"Filling up the DagBag from /opt/airflow/dags/orchestrate.py","logger":"airflow.dag_processing.dagbag.BundleDagBag","filename":"dagbag.py","lineno":460}
{"timestamp":"2026-07-16T02:03:11.937053Z","level":"warning","event":"The `airflow.operators.bash.BashOperator` attribute is deprecated. Please use `'airflow.providers.standard.operators.bash.BashOperator'`.","category":"UserWarning","filename":"/opt/airflow/dags/orchestrate.py","lineno":2,"logger":"py.warnings"}
{"timestamp":"2026-07-16T02:03:38.198747Z","level":"info","event":"Filling up the DagBag from /opt/airflow/dags/orchestrate.py","logger":"airflow.dag_processing.dagbag.BundleDagBag","filename":"dagbag.py","lineno":460}
{"timestamp":"2026-07-16T02:03:38.243057Z","level":"warning","event":"The `airflow.operators.bash.BashOperator` attribute is deprecated. Please use `'airflow.providers.standard.operators.bash.BashOperator'`.","category":"UserWarning","filename":"/opt/airflow/dags/orchestrate.py","lineno":2,"logger":"py.warnings"}
{"timestamp":"2026-07-16T02:04:08.492649Z","level":"info","event":"Filling up the DagBag from /opt/airflow/dags/orchestrate.py","logger":"airflow.dag_processing.dagbag.BundleDagBag","filename":"dagbag.py","lineno":460}
{"timestamp":"2026-07-16T02:04:08.527858Z","level":"warning","event":"The `airflow.operators.bash.BashOperator` attribute is deprecated. Please use `'airflow.providers.standard.operators.bash.BashOperator'`.","category":"UserWarning","filename":"/opt/airflow/dags/orchestrate.py","lineno":2,"logger":"py.warnings"}
{"timestamp":"2026-07-16T02:04:38.779070Z","level":"info","event":"Filling up the DagBag from /opt/airflow/dags/orchestrate.py","logger":"airflow.dag_processing.dagbag.BundleDagBag","filename":"dagbag.py","lineno":460}
{"timestamp":"2026-07-16T02:04:38.812846Z","level":"warning","event":"The `airflow.operators.bash.BashOperator` attribute is deprecated. Please use `'airflow.providers.standard.operators.bash.BashOperator'`.","category":"UserWarning","filename":"/opt/airflow/dags/orchestrate.py","lineno":2,"logger":"py.warnings"}
{"timestamp":"2026-07-16T02:05:09.059347Z","level":"info","event":"Filling up the DagBag from /opt/airflow/dags/orchestrate.py","logger":"airflow.dag_processing.dagbag.BundleDagBag","filename":"dagbag.py","lineno":460}
{"timestamp":"2026-07-16T02:05:09.120961Z","level":"warning","event":"The `airflow.operators.bash.BashOperator` attribute is deprecated. Please use `'airflow.providers.standard.operators.bash.BashOperator'`.","category":"UserWarning","filename":"/opt/airflow/dags/orchestrate.py","lineno":2,"logger":"py.warnings"}
{"timestamp":"2026-07-16T02:05:39.589683Z","level":"info","event":"Filling up the DagBag from /opt/airflow/dags/orchestrate.py","logger":"airflow.dag_processing.dagbag.BundleDagBag","filename":"dagbag.py","lineno":460}
{"timestamp":"2026-07-16T02:05:39.622609Z","level":"warning","event":"The `airflow.operators.bash.BashOperator` attribute is deprecated. Please use `'airflow.providers.standard.operators.bash.BashOperator'`.","category":"UserWarning","filename":"/opt/airflow/dags/orchestrate.py","lineno":2,"logger":"py.warnings"}
{"timestamp":"2026-07-16T02:06:09.887462Z","level":"info","event":"Filling up the DagBag from /opt/airflow/dags/orchestrate.py","logger":"airflow.dag_processing.dagbag.BundleDagBag","filename":"dagbag.py","lineno":460}
{"timestamp":"2026-07-16T02:06:09.921992Z","level":"warning","event":"The `airflow.operators.bash.BashOperator` attribute is deprecated. Please use `'airflow.providers.standard.operators.bash.BashOperator'`.","category":"UserWarning","filename":"/opt/airflow/dags/orchestrate.py","lineno":2,"logger":"py.warnings"}
{"timestamp":"2026-07-16T02:06:40.174237Z","level":"info","event":"Filling up the DagBag from /opt/airflow/dags/orchestrate.py","logger":"airflow.dag_processing.dagbag.BundleDagBag","filename":"dagbag.py","lineno":460}
{"timestamp":"2026-07-16T02:06:40.210194Z","level":"warning","event":"The `airflow.operators.bash.BashOperator` attribute is deprecated. Please use `'airflow.providers.standard.operators.bash.BashOperator'`.","category":"UserWarning","filename":"/opt/airflow/dags/orchestrate.py","lineno":2,"logger":"py.warnings"}
{"timestamp":"2026-07-16T02:07:10.469852Z","level":"info","event":"Filling up the DagBag from /opt/airflow/dags/orchestrate.py","logger":"airflow.dag_processing.dagbag.BundleDagBag","filename":"dagbag.py","lineno":460}
{"timestamp":"2026-07-16T02:07:10.504958Z","level":"warning","event":"The `airflow.operators.bash.BashOperator` attribute is deprecated. Please use `'airflow.providers.standard.operators.bash.BashOperator'`.","category":"UserWarning","filename":"/opt/airflow/dags/orchestrate.py","lineno":2,"logger":"py.warnings"}
{"timestamp":"2026-07-16T02:07:40.742040Z","level":"info","event":"Filling up the DagBag from /opt/airflow/dags/orchestrate.py","logger":"airflow.dag_processing.dagbag.BundleDagBag","filename":"dagbag.py","lineno":460}
{"timestamp":"2026-07-16T02:07:40.776420Z","level":"warning","event":"The `airflow.operators.bash.BashOperator` attribute is deprecated. Please use `'airflow.providers.standard.operators.bash.BashOperator'`.","category":"UserWarning","filename":"/opt/airflow/dags/orchestrate.py","lineno":2,"logger":"py.warnings"}
{"timestamp":"2026-07-16T02:08:11.014612Z","level":"info","event":"Filling up the DagBag from /opt/airflow/dags/orchestrate.py","logger":"airflow.dag_processing.dagbag.BundleDagBag","filename":"dagbag.py","lineno":460}
{"timestamp":"2026-07-16T02:08:11.049952Z","level":"warning","event":"The `airflow.operators.bash.BashOperator` attribute is deprecated. Please use `'airflow.providers.standard.operators.bash.BashOperator'`.","category":"UserWarning","filename":"/opt/airflow/dags/orchestrate.py","lineno":2,"logger":"py.warnings"}
{"timestamp":"2026-07-16T02:08:41.294807Z","level":"info","event":"Filling up the DagBag from /opt/airflow/dags/orchestrate.py","logger":"airflow.dag_processing.dagbag.BundleDagBag","filename":"dagbag.py","lineno":460}
{"timestamp":"2026-07-16T02:08:41.327571Z","level":"warning","event":"The `airflow.operators.bash.BashOperator` attribute is deprecated. Please use `'airflow.providers.standard.operators.bash.BashOperator'`.","category":"UserWarning","filename":"/opt/airflow/dags/orchestrate.py","lineno":2,"logger":"py.warnings"}
{"timestamp":"2026-07-16T02:09:11.571778Z","level":"info","event":"Filling up the DagBag from /opt/airflow/dags/orchestrate.py","logger":"airflow.dag_processing.dagbag.BundleDagBag","filename":"dagbag.py","lineno":460}
{"timestamp":"2026-07-16T02:09:11.606838Z","level":"warning","event":"The `airflow.operators.bash.BashOperator` attribute is deprecated. Please use `'airflow.providers.standard.operators.bash.BashOperator'`.","category":"UserWarning","filename":"/opt/airflow/dags/orchestrate.py","lineno":2,"logger":"py.warnings"}
{"timestamp":"2026-07-16T02:09:41.872633Z","level":"info","event":"Filling up the DagBag from /opt/airflow/dags/orchestrate.py","logger":"airflow.dag_processing.dagbag.BundleDagBag","filename":"dagbag.py","lineno":460}
{"timestamp":"2026-07-16T02:09:41.909790Z","level":"warning","event":"The `airflow.operators.bash.BashOperator` attribute is deprecated. Please use `'airflow.providers.standard.operators.bash.BashOperator'`.","category":"UserWarning","filename":"/opt/airflow/dags/orchestrate.py","lineno":2,"logger":"py.warnings"}
{"timestamp":"2026-07-16T02:10:12.202143Z","level":"info","event":"Filling up the DagBag from /opt/airflow/dags/orchestrate.py","logger":"airflow.dag_processing.dagbag.BundleDagBag","filename":"dagbag.py","lineno":460}
{"timestamp":"2026-07-16T02:10:12.240950Z","level":"warning","event":"The `airflow.operators.bash.BashOperator` attribute is deprecated. Please use `'airflow.providers.standard.operators.bash.BashOperator'`.","category":"UserWarning","filename":"/opt/airflow/dags/orchestrate.py","lineno":2,"logger":"py.warnings"}
{"timestamp":"2026-07-16T02:10:42.495389Z","level":"info","event":"Filling up the DagBag from /opt/airflow/dags/orchestrate.py","logger":"airflow.dag_processing.dagbag.BundleDagBag","filename":"dagbag.py","lineno":460}
{"timestamp":"2026-07-16T02:10:42.529849Z","level":"warning","event":"The `airflow.operators.bash.BashOperator` attribute is deprecated. Please use `'airflow.providers.standard.operators.bash.BashOperator'`.","category":"UserWarning","filename":"/opt/airflow/dags/orchestrate.py","lineno":2,"logger":"py.warnings"}
{"timestamp":"2026-07-16T02:11:12.787134Z","level":"info","event":"Filling up the DagBag from /opt/airflow/dags/orchestrate.py","logger":"airflow.dag_processing.dagbag.BundleDagBag","filename":"dagbag.py","lineno":460}
{"timestamp":"2026-07-16T02:11:12.825403Z","level":"warning","event":"The `airflow.operators.bash.BashOperator` attribute is deprecated. Please use `'airflow.providers.standard.operators.bash.BashOperator'`.","category":"UserWarning","filename":"/opt/airflow/dags/orchestrate.py","lineno":2,"logger":"py.warnings"}
{"timestamp":"2026-07-16T02:11:43.087492Z","level":"info","event":"Filling up the DagBag from /opt/airflow/dags/orchestrate.py","logger":"airflow.dag_processing.dagbag.BundleDagBag","filename":"dagbag.py","lineno":460}
{"timestamp":"2026-07-16T02:11:43.125239Z","level":"warning","event":"The `airflow.operators.bash.BashOperator` attribute is deprecated. Please use `'airflow.providers.standard.operators.bash.BashOperator'`.","category":"UserWarning","filename":"/opt/airflow/dags/orchestrate.py","lineno":2,"logger":"py.warnings"}
{"timestamp":"2026-07-16T02:12:13.371460Z","level":"info","event":"Filling up the DagBag from /opt/airflow/dags/orchestrate.py","logger":"airflow.dag_processing.dagbag.BundleDagBag","filename":"dagbag.py","lineno":460}
{"timestamp":"2026-07-16T02:12:13.405013Z","level":"warning","event":"The `airflow.operators.bash.BashOperator` attribute is deprecated. Please use `'airflow.providers.standard.operators.bash.BashOperator'`.","category":"UserWarning","filename":"/opt/airflow/dags/orchestrate.py","lineno":2,"logger":"py.warnings"}
{"timestamp":"2026-07-16T02:12:43.649985Z","level":"info","event":"Filling up the DagBag from /opt/airflow/dags/orchestrate.py","logger":"airflow.dag_processing.dagbag.BundleDagBag","filename":"dagbag.py","lineno":460}
{"timestamp":"2026-07-16T02:12:43.687698Z","level":"warning","event":"The `airflow.operators.bash.BashOperator` attribute is deprecated. Please use `'airflow.providers.standard.operators.bash.BashOperator'`.","category":"UserWarning","filename":"/opt/airflow/dags/orchestrate.py","lineno":2,"logger":"py.warnings"}
{"timestamp":"2026-07-16T02:13:13.919538Z","level":"info","event":"Filling up the DagBag from /opt/airflow/dags/orchestrate.py","logger":"airflow.dag_processing.dagbag.BundleDagBag","filename":"dagbag.py","lineno":460}
{"timestamp":"2026-07-16T02:13:13.952699Z","level":"warning","event":"The `airflow.operators.bash.BashOperator` attribute is deprecated. Please use `'airflow.providers.standard.operators.bash.BashOperator'`.","category":"UserWarning","filename":"/opt/airflow/dags/orchestrate.py","lineno":2,"logger":"py.warnings"}
{"timestamp":"2026-07-16T02:13:44.458925Z","level":"info","event":"Filling up the DagBag from /opt/airflow/dags/orchestrate.py","logger":"airflow.dag_processing.dagbag.BundleDagBag","filename":"dagbag.py","lineno":460}
{"timestamp":"2026-07-16T02:13:44.500837Z","level":"warning","event":"The `airflow.operators.bash.BashOperator` attribute is deprecated. Please use `'airflow.providers.standard.operators.bash.BashOperator'`.","category":"UserWarning","filename":"/opt/airflow/dags/orchestrate.py","lineno":2,"logger":"py.warnings"}
{"timestamp":"2026-07-16T02:14:14.754045Z","level":"info","event":"Filling up the DagBag from /opt/airflow/dags/orchestrate.py","logger":"airflow.dag_processing.dagbag.BundleDagBag","filename":"dagbag.py","lineno":460}
{"timestamp":"2026-07-16T02:14:14.784867Z","level":"warning","event":"The `airflow.operators.bash.BashOperator` attribute is deprecated. Please use `'airflow.providers.standard.operators.bash.BashOperator'`.","category":"UserWarning","filename":"/opt/airflow/dags/orchestrate.py","lineno":2,"logger":"py.warnings"}
{"timestamp":"2026-07-16T02:14:45.063376Z","level":"info","event":"Filling up the DagBag from /opt/airflow/dags/orchestrate.py","logger":"airflow.dag_processing.dagbag.BundleDagBag","filename":"dagbag.py","lineno":460}
{"timestamp":"2026-07-16T02:14:45.094659Z","level":"warning","event":"The `airflow.operators.bash.BashOperator` attribute is deprecated. Please use `'airflow.providers.standard.operators.bash.BashOperator'`.","category":"UserWarning","filename":"/opt/airflow/dags/orchestrate.py","lineno":2,"logger":"py.warnings"}
{"timestamp":"2026-07-16T02:15:15.334228Z","level":"info","event":"Filling up the DagBag from /opt/airflow/dags/orchestrate.py","logger":"airflow.dag_processing.dagbag.BundleDagBag","filename":"dagbag.py","lineno":460}
{"timestamp":"2026-07-16T02:15:15.370704Z","level":"warning","event":"The `airflow.operators.bash.BashOperator` attribute is deprecated. Please use `'airflow.providers.standard.operators.bash.BashOperator'`.","category":"UserWarning","filename":"/opt/airflow/dags/orchestrate.py","lineno":2,"logger":"py.warnings"}
{"timestamp":"2026-07-16T02:15:45.614526Z","level":"info","event":"Filling up the DagBag from /opt/airflow/dags/orchestrate.py","logger":"airflow.dag_processing.dagbag.BundleDagBag","filename":"dagbag.py","lineno":460}
{"timestamp":"2026-07-16T02:15:45.648973Z","level":"warning","event":"The `airflow.operators.bash.BashOperator` attribute is deprecated. Please use `'airflow.providers.standard.operators.bash.BashOperator'`.","category":"UserWarning","filename":"/opt/airflow/dags/orchestrate.py","lineno":2,"logger":"py.warnings"}
{"timestamp":"2026-07-16T02:16:15.891842Z","level":"info","event":"Filling up the DagBag from /opt/airflow/dags/orchestrate.py","logger":"airflow.dag_processing.dagbag.BundleDagBag","filename":"dagbag.py","lineno":460}
{"timestamp":"2026-07-16T02:16:15.927980Z","level":"warning","event":"The `airflow.operators.bash.BashOperator` attribute is deprecated. Please use `'airflow.providers.standard.operators.bash.BashOperator'`.","category":"UserWarning","filename":"/opt/airflow/dags/orchestrate.py","lineno":2,"logger":"py.warnings"}
{"timestamp":"2026-07-16T02:16:46.166303Z","level":"info","event":"Filling up the DagBag from /opt/airflow/dags/orchestrate.py","logger":"airflow.dag_processing.dagbag.BundleDagBag","filename":"dagbag.py","lineno":460}
{"timestamp":"2026-07-16T02:16:46.198299Z","level":"warning","event":"The `airflow.operators.bash.BashOperator` attribute is deprecated. Please use `'airflow.providers.standard.operators.bash.BashOperator'`.","category":"UserWarning","filename":"/opt/airflow/dags/orchestrate.py","lineno":2,"logger":"py.warnings"}
{"timestamp":"2026-07-16T02:17:16.430602Z","level":"info","event":"Filling up the DagBag from /opt/airflow/dags/orchestrate.py","logger":"airflow.dag_processing.dagbag.BundleDagBag","filename":"dagbag.py","lineno":460}
{"timestamp":"2026-07-16T02:17:16.462504Z","level":"warning","event":"The `airflow.operators.bash.BashOperator` attribute is deprecated. Please use `'airflow.providers.standard.operators.bash.BashOperator'`.","category":"UserWarning","filename":"/opt/airflow/dags/orchestrate.py","lineno":2,"logger":"py.warnings"}
{"timestamp":"2026-07-16T02:17:46.698375Z","level":"info","event":"Filling up the DagBag from /opt/airflow/dags/orchestrate.py","logger":"airflow.dag_processing.dagbag.BundleDagBag","filename":"dagbag.py","lineno":460}
{"timestamp":"2026-07-16T02:17:46.730313Z","level":"warning","event":"The `airflow.operators.bash.BashOperator` attribute is deprecated. Please use `'airflow.providers.standard.operators.bash.BashOperator'`.","category":"UserWarning","filename":"/opt/airflow/dags/orchestrate.py","lineno":2,"logger":"py.warnings"}
{"timestamp":"2026-07-16T02:18:10.939854Z","level":"info","event":"Filling up the DagBag from /opt/airflow/dags/orchestrate.py","logger":"airflow.dag_processing.dagbag.BundleDagBag","filename":"dagbag.py","lineno":460}
{"timestamp":"2026-07-16T02:18:10.992432Z","level":"warning","event":"The `airflow.operators.bash.BashOperator` attribute is deprecated. Please use `'airflow.providers.standard.operators.bash.BashOperator'`.","category":"UserWarning","filename":"/opt/airflow/dags/orchestrate.py","lineno":2,"logger":"py.warnings"}
{"timestamp":"2026-07-16T02:18:41.267300Z","level":"info","event":"Filling up the DagBag from /opt/airflow/dags/orchestrate.py","logger":"airflow.dag_processing.dagbag.BundleDagBag","filename":"dagbag.py","lineno":460}
{"timestamp":"2026-07-16T02:18:41.318477Z","level":"warning","event":"The `airflow.operators.bash.BashOperator` attribute is deprecated. Please use `'airflow.providers.standard.operators.bash.BashOperator'`.","category":"UserWarning","filename":"/opt/airflow/dags/orchestrate.py","lineno":2,"logger":"py.warnings"}
{"timestamp":"2026-07-16T02:19:11.566201Z","level":"info","event":"Filling up the DagBag from /opt/airflow/dags/orchestrate.py","logger":"airflow.dag_processing.dagbag.BundleDagBag","filename":"dagbag.py","lineno":460}
{"timestamp":"2026-07-16T02:19:11.668916Z","level":"warning","event":"The `airflow.operators.bash.BashOperator` attribute is deprecated. Please use `'airflow.providers.standard.operators.bash.BashOperator'`.","category":"UserWarning","filename":"/opt/airflow/dags/orchestrate.py","lineno":2,"logger":"py.warnings"}
{"timestamp":"2026-07-16T02:19:41.965437Z","level":"info","event":"Filling up the DagBag from /opt/airflow/dags/orchestrate.py","logger":"airflow.dag_processing.dagbag.BundleDagBag","filename":"dagbag.py","lineno":460}
{"timestamp":"2026-07-16T02:19:42.000523Z","level":"warning","event":"The `airflow.operators.bash.BashOperator` attribute is deprecated. Please use `'airflow.providers.standard.operators.bash.BashOperator'`.","category":"UserWarning","filename":"/opt/airflow/dags/orchestrate.py","lineno":2,"logger":"py.warnings"}
{"timestamp":"2026-07-16T02:20:12.246306Z","level":"info","event":"Filling up the DagBag from /opt/airflow/dags/orchestrate.py","logger":"airflow.dag_processing.dagbag.BundleDagBag","filename":"dagbag.py","lineno":460}
{"timestamp":"2026-07-16T02:20:12.280918Z","level":"warning","event":"The `airflow.operators.bash.BashOperator` attribute is deprecated. Please use `'airflow.providers.standard.operators.bash.BashOperator'`.","category":"UserWarning","filename":"/opt/airflow/dags/orchestrate.py","lineno":2,"logger":"py.warnings"}
{"timestamp":"2026-07-16T02:20:42.557044Z","level":"info","event":"Filling up the DagBag from /opt/airflow/dags/orchestrate.py","logger":"airflow.dag_processing.dagbag.BundleDagBag","filename":"dagbag.py","lineno":460}
{"timestamp":"2026-07-16T02:20:42.640794Z","level":"warning","event":"The `airflow.operators.bash.BashOperator` attribute is deprecated. Please use `'airflow.providers.standard.operators.bash.BashOperator'`.","category":"UserWarning","filename":"/opt/airflow/dags/orchestrate.py","lineno":2,"logger":"py.warnings"}
{"timestamp":"2026-07-16T02:21:12.902332Z","level":"info","event":"Filling up the DagBag from /opt/airflow/dags/orchestrate.py","logger":"airflow.dag_processing.dagbag.BundleDagBag","filename":"dagbag.py","lineno":460}
{"timestamp":"2026-07-16T02:21:12.932018Z","level":"warning","event":"The `airflow.operators.bash.BashOperator` attribute is deprecated. Please use `'airflow.providers.standard.operators.bash.BashOperator'`.","category":"UserWarning","filename":"/opt/airflow/dags/orchestrate.py","lineno":2,"logger":"py.warnings"}
{"timestamp":"2026-07-16T02:21:43.170426Z","level":"info","event":"Filling up the DagBag from /opt/airflow/dags/orchestrate.py","logger":"airflow.dag_processing.dagbag.BundleDagBag","filename":"dagbag.py","lineno":460}
{"timestamp":"2026-07-16T02:21:43.206328Z","level":"warning","event":"The `airflow.operators.bash.BashOperator` attribute is deprecated. Please use `'airflow.providers.standard.operators.bash.BashOperator'`.","category":"UserWarning","filename":"/opt/airflow/dags/orchestrate.py","lineno":2,"logger":"py.warnings"}
{"timestamp":"2026-07-16T02:22:13.433472Z","level":"info","event":"Filling up the DagBag from /opt/airflow/dags/orchestrate.py","logger":"airflow.dag_processing.dagbag.BundleDagBag","filename":"dagbag.py","lineno":460}
{"timestamp":"2026-07-16T02:22:13.468505Z","level":"warning","event":"The `airflow.operators.bash.BashOperator` attribute is deprecated. Please use `'airflow.providers.standard.operators.bash.BashOperator'`.","category":"UserWarning","filename":"/opt/airflow/dags/orchestrate.py","lineno":2,"logger":"py.warnings"}
{"timestamp":"2026-07-16T02:22:43.726848Z","level":"info","event":"Filling up the DagBag from /opt/airflow/dags/orchestrate.py","logger":"airflow.dag_processing.dagbag.BundleDagBag","filename":"dagbag.py","lineno":460}
{"timestamp":"2026-07-16T02:22:43.756819Z","level":"warning","event":"The `airflow.operators.bash.BashOperator` attribute is deprecated. Please use `'airflow.providers.standard.operators.bash.BashOperator'`.","category":"UserWarning","filename":"/opt/airflow/dags/orchestrate.py","lineno":2,"logger":"py.warnings"}
{"timestamp":"2026-07-16T02:23:14.015384Z","level":"info","event":"Filling up the DagBag from /opt/airflow/dags/orchestrate.py","logger":"airflow.dag_processing.dagbag.BundleDagBag","filename":"dagbag.py","lineno":460}
{"timestamp":"2026-07-16T02:23:14.048896Z","level":"warning","event":"The `airflow.operators.bash.BashOperator` attribute is deprecated. Please use `'airflow.providers.standard.operators.bash.BashOperator'`.","category":"UserWarning","filename":"/opt/airflow/dags/orchestrate.py","lineno":2,"logger":"py.warnings"}
{"timestamp":"2026-07-16T02:23:44.353247Z","level":"info","event":"Filling up the DagBag from /opt/airflow/dags/orchestrate.py","logger":"airflow.dag_processing.dagbag.BundleDagBag","filename":"dagbag.py","lineno":460}
{"timestamp":"2026-07-16T02:23:44.383486Z","level":"warning","event":"The `airflow.operators.bash.BashOperator` attribute is deprecated. Please use `'airflow.providers.standard.operators.bash.BashOperator'`.","category":"UserWarning","filename":"/opt/airflow/dags/orchestrate.py","lineno":2,"logger":"py.warnings"}
{"timestamp":"2026-07-16T02:24:14.638661Z","level":"info","event":"Filling up the DagBag from /opt/airflow/dags/orchestrate.py","logger":"airflow.dag_processing.dagbag.BundleDagBag","filename":"dagbag.py","lineno":460}
{"timestamp":"2026-07-16T02:24:14.674909Z","level":"warning","event":"The `airflow.operators.bash.BashOperator` attribute is deprecated. Please use `'airflow.providers.standard.operators.bash.BashOperator'`.","category":"UserWarning","filename":"/opt/airflow/dags/orchestrate.py","lineno":2,"logger":"py.warnings"}
{"timestamp":"2026-07-16T02:24:44.919710Z","level":"info","event":"Filling up the DagBag from /opt/airflow/dags/orchestrate.py","logger":"airflow.dag_processing.dagbag.BundleDagBag","filename":"dagbag.py","lineno":460}
{"timestamp":"2026-07-16T02:24:44.957610Z","level":"warning","event":"The `airflow.operators.bash.BashOperator` attribute is deprecated. Please use `'airflow.providers.standard.operators.bash.BashOperator'`.","category":"UserWarning","filename":"/opt/airflow/dags/orchestrate.py","lineno":2,"logger":"py.warnings"}
{"timestamp":"2026-07-16T02:25:15.223947Z","level":"info","event":"Filling up the DagBag from /opt/airflow/dags/orchestrate.py","logger":"airflow.dag_processing.dagbag.BundleDagBag","filename":"dagbag.py","lineno":460}
{"timestamp":"2026-07-16T02:25:15.256333Z","level":"warning","event":"The `airflow.operators.bash.BashOperator` attribute is deprecated. Please use `'airflow.providers.standard.operators.bash.BashOperator'`.","category":"UserWarning","filename":"/opt/airflow/dags/orchestrate.py","lineno":2,"logger":"py.warnings"}
{"timestamp":"2026-07-16T02:25:45.525171Z","level":"info","event":"Filling up the DagBag from /opt/airflow/dags/orchestrate.py","logger":"airflow.dag_processing.dagbag.BundleDagBag","filename":"dagbag.py","lineno":460}
{"timestamp":"2026-07-16T02:25:45.558790Z","level":"warning","event":"The `airflow.operators.bash.BashOperator` attribute is deprecated. Please use `'airflow.providers.standard.operators.bash.BashOperator'`.","category":"UserWarning","filename":"/opt/airflow/dags/orchestrate.py","lineno":2,"logger":"py.warnings"}
{"timestamp":"2026-07-16T02:26:15.810260Z","level":"info","event":"Filling up the DagBag from /opt/airflow/dags/orchestrate.py","logger":"airflow.dag_processing.dagbag.BundleDagBag","filename":"dagbag.py","lineno":460}
{"timestamp":"2026-07-16T02:26:15.841083Z","level":"warning","event":"The `airflow.operators.bash.BashOperator` attribute is deprecated. Please use `'airflow.providers.standard.operators.bash.BashOperator'`.","category":"UserWarning","filename":"/opt/airflow/dags/orchestrate.py","lineno":2,"logger":"py.warnings"}
{"timestamp":"2026-07-16T02:26:46.083628Z","level":"info","event":"Filling up the DagBag from /opt/airflow/dags/orchestrate.py","logger":"airflow.dag_processing.dagbag.BundleDagBag","filename":"dagbag.py","lineno":460}
{"timestamp":"2026-07-16T02:26:46.119394Z","level":"warning","event":"The `airflow.operators.bash.BashOperator` attribute is deprecated. Please use `'airflow.providers.standard.operators.bash.BashOperator'`.","category":"UserWarning","filename":"/opt/airflow/dags/orchestrate.py","lineno":2,"logger":"py.warnings"}
{"timestamp":"2026-07-16T02:27:16.373365Z","level":"info","event":"Filling up the DagBag from /opt/airflow/dags/orchestrate.py","logger":"airflow.dag_processing.dagbag.BundleDagBag","filename":"dagbag.py","lineno":460}
{"timestamp":"2026-07-16T02:27:16.407204Z","level":"warning","event":"The `airflow.operators.bash.BashOperator` attribute is deprecated. Please use `'airflow.providers.standard.operators.bash.BashOperator'`.","category":"UserWarning","filename":"/opt/airflow/dags/orchestrate.py","lineno":2,"logger":"py.warnings"}
{"timestamp":"2026-07-16T02:27:46.660781Z","level":"info","event":"Filling up the DagBag from /opt/airflow/dags/orchestrate.py","logger":"airflow.dag_processing.dagbag.BundleDagBag","filename":"dagbag.py","lineno":460}
{"timestamp":"2026-07-16T02:27:46.691575Z","level":"warning","event":"The `airflow.operators.bash.BashOperator` attribute is deprecated. Please use `'airflow.providers.standard.operators.bash.BashOperator'`.","category":"UserWarning","filename":"/opt/airflow/dags/orchestrate.py","lineno":2,"logger":"py.warnings"}
{"timestamp":"2026-07-16T02:28:16.925039Z","level":"info","event":"Filling up the DagBag from /opt/airflow/dags/orchestrate.py","logger":"airflow.dag_processing.dagbag.BundleDagBag","filename":"dagbag.py","lineno":460}
{"timestamp":"2026-07-16T02:28:16.958115Z","level":"warning","event":"The `airflow.operators.bash.BashOperator` attribute is deprecated. Please use `'airflow.providers.standard.operators.bash.BashOperator'`.","category":"UserWarning","filename":"/opt/airflow/dags/orchestrate.py","lineno":2,"logger":"py.warnings"}
{"timestamp":"2026-07-16T02:28:47.231740Z","level":"info","event":"Filling up the DagBag from /opt/airflow/dags/orchestrate.py","logger":"airflow.dag_processing.dagbag.BundleDagBag","filename":"dagbag.py","lineno":460}
{"timestamp":"2026-07-16T02:28:47.271448Z","level":"warning","event":"The `airflow.operators.bash.BashOperator` attribute is deprecated. Please use `'airflow.providers.standard.operators.bash.BashOperator'`.","category":"UserWarning","filename":"/opt/airflow/dags/orchestrate.py","lineno":2,"logger":"py.warnings"}
{"timestamp":"2026-07-16T02:29:17.527041Z","level":"info","event":"Filling up the DagBag from /opt/airflow/dags/orchestrate.py","logger":"airflow.dag_processing.dagbag.BundleDagBag","filename":"dagbag.py","lineno":460}
{"timestamp":"2026-07-16T02:29:17.562156Z","level":"warning","event":"The `airflow.operators.bash.BashOperator` attribute is deprecated. Please use `'airflow.providers.standard.operators.bash.BashOperator'`.","category":"UserWarning","filename":"/opt/airflow/dags/orchestrate.py","lineno":2,"logger":"py.warnings"}
{"timestamp":"2026-07-16T02:29:47.871066Z","level":"info","event":"Filling up the DagBag from /opt/airflow/dags/orchestrate.py","logger":"airflow.dag_processing.dagbag.BundleDagBag","filename":"dagbag.py","lineno":460}
{"timestamp":"2026-07-16T02:29:47.899327Z","level":"warning","event":"The `airflow.operators.bash.BashOperator` attribute is deprecated. Please use `'airflow.providers.standard.operators.bash.BashOperator'`.","category":"UserWarning","filename":"/opt/airflow/dags/orchestrate.py","lineno":2,"logger":"py.warnings"}
{"timestamp":"2026-07-16T02:30:18.139258Z","level":"info","event":"Filling up the DagBag from /opt/airflow/dags/orchestrate.py","logger":"airflow.dag_processing.dagbag.BundleDagBag","filename":"dagbag.py","lineno":460}
{"timestamp":"2026-07-16T02:30:18.175125Z","level":"warning","event":"The `airflow.operators.bash.BashOperator` attribute is deprecated. Please use `'airflow.providers.standard.operators.bash.BashOperator'`.","category":"UserWarning","filename":"/opt/airflow/dags/orchestrate.py","lineno":2,"logger":"py.warnings"}
{"timestamp":"2026-07-16T02:30:48.443533Z","level":"info","event":"Filling up the DagBag from /opt/airflow/dags/orchestrate.py","logger":"airflow.dag_processing.dagbag.BundleDagBag","filename":"dagbag.py","lineno":460}
{"timestamp":"2026-07-16T02:30:48.482503Z","level":"warning","event":"The `airflow.operators.bash.BashOperator` attribute is deprecated. Please use `'airflow.providers.standard.operators.bash.BashOperator'`.","category":"UserWarning","filename":"/opt/airflow/dags/orchestrate.py","lineno":2,"logger":"py.warnings"}
{"timestamp":"2026-07-16T02:31:18.746867Z","level":"info","event":"Filling up the DagBag from /opt/airflow/dags/orchestrate.py","logger":"airflow.dag_processing.dagbag.BundleDagBag","filename":"dagbag.py","lineno":460}
{"timestamp":"2026-07-16T02:31:18.784137Z","level":"warning","event":"The `airflow.operators.bash.BashOperator` attribute is deprecated. Please use `'airflow.providers.standard.operators.bash.BashOperator'`.","category":"UserWarning","filename":"/opt/airflow/dags/orchestrate.py","lineno":2,"logger":"py.warnings"}
{"timestamp":"2026-07-16T02:31:49.039793Z","level":"info","event":"Filling up the DagBag from /opt/airflow/dags/orchestrate.py","logger":"airflow.dag_processing.dagbag.BundleDagBag","filename":"dagbag.py","lineno":460}
{"timestamp":"2026-07-16T02:31:49.074482Z","level":"warning","event":"The `airflow.operators.bash.BashOperator` attribute is deprecated. Please use `'airflow.providers.standard.operators.bash.BashOperator'`.","category":"UserWarning","filename":"/opt/airflow/dags/orchestrate.py","lineno":2,"logger":"py.warnings"}
{"timestamp":"2026-07-16T02:32:19.307702Z","level":"info","event":"Filling up the DagBag from /opt/airflow/dags/orchestrate.py","logger":"airflow.dag_processing.dagbag.BundleDagBag","filename":"dagbag.py","lineno":460}
{"timestamp":"2026-07-16T02:32:19.338586Z","level":"warning","event":"The `airflow.operators.bash.BashOperator` attribute is deprecated. Please use `'airflow.providers.standard.operators.bash.BashOperator'`.","category":"UserWarning","filename":"/opt/airflow/dags/orchestrate.py","lineno":2,"logger":"py.warnings"}
{"timestamp":"2026-07-16T02:32:49.638878Z","level":"info","event":"Filling up the DagBag from /opt/airflow/dags/orchestrate.py","logger":"airflow.dag_processing.dagbag.BundleDagBag","filename":"dagbag.py","lineno":460}
{"timestamp":"2026-07-16T02:32:49.672543Z","level":"warning","event":"The `airflow.operators.bash.BashOperator` attribute is deprecated. Please use `'airflow.providers.standard.operators.bash.BashOperator'`.","category":"UserWarning","filename":"/opt/airflow/dags/orchestrate.py","lineno":2,"logger":"py.warnings"}
{"timestamp":"2026-07-16T02:33:19.927210Z","level":"info","event":"Filling up the DagBag from /opt/airflow/dags/orchestrate.py","logger":"airflow.dag_processing.dagbag.BundleDagBag","filename":"dagbag.py","lineno":460}
{"timestamp":"2026-07-16T02:33:19.962528Z","level":"warning","event":"The `airflow.operators.bash.BashOperator` attribute is deprecated. Please use `'airflow.providers.standard.operators.bash.BashOperator'`.","category":"UserWarning","filename":"/opt/airflow/dags/orchestrate.py","lineno":2,"logger":"py.warnings"}
{"timestamp":"2026-07-16T02:33:50.376615Z","level":"info","event":"Filling up the DagBag from /opt/airflow/dags/orchestrate.py","logger":"airflow.dag_processing.dagbag.BundleDagBag","filename":"dagbag.py","lineno":460}
{"timestamp":"2026-07-16T02:33:50.431988Z","level":"warning","event":"The `airflow.operators.bash.BashOperator` attribute is deprecated. Please use `'airflow.providers.standard.operators.bash.BashOperator'`.","category":"UserWarning","filename":"/opt/airflow/dags/orchestrate.py","lineno":2,"logger":"py.warnings"}
{"timestamp":"2026-07-16T03:56:04.467944Z","level":"info","event":"Filling up the DagBag from /opt/airflow/dags/orchestrate.py","logger":"airflow.dag_processing.dagbag.BundleDagBag","filename":"dagbag.py","lineno":460}
{"timestamp":"2026-07-16T03:56:04.722609Z","level":"warning","event":"The `airflow.operators.bash.BashOperator` attribute is deprecated. Please use `'airflow.providers.standard.operators.bash.BashOperator'`.","category":"UserWarning","filename":"/opt/airflow/dags/orchestrate.py","lineno":2,"logger":"py.warnings"}
{"timestamp":"2026-07-16T08:24:31.915547Z","level":"info","event":"Filling up the DagBag from /opt/airflow/dags/orchestrate.py","logger":"airflow.dag_processing.dagbag.BundleDagBag","filename":"dagbag.py","lineno":460}
{"timestamp":"2026-07-16T08:24:31.964325Z","level":"warning","event":"The `airflow.operators.bash.BashOperator` attribute is deprecated. Please use `'airflow.providers.standard.operators.bash.BashOperator'`.","category":"UserWarning","filename":"/opt/airflow/dags/orchestrate.py","lineno":2,"logger":"py.warnings"}
{"timestamp":"2026-07-16T08:25:02.242027Z","level":"info","event":"Filling up the DagBag from /opt/airflow/dags/orchestrate.py","logger":"airflow.dag_processing.dagbag.BundleDagBag","filename":"dagbag.py","lineno":460}
{"timestamp":"2026-07-16T08:25:02.275103Z","level":"warning","event":"The `airflow.operators.bash.BashOperator` attribute is deprecated. Please use `'airflow.providers.standard.operators.bash.BashOperator'`.","category":"UserWarning","filename":"/opt/airflow/dags/orchestrate.py","lineno":2,"logger":"py.warnings"}
{"timestamp":"2026-07-16T08:25:32.584104Z","level":"info","event":"Filling up the DagBag from /opt/airflow/dags/orchestrate.py","logger":"airflow.dag_processing.dagbag.BundleDagBag","filename":"dagbag.py","lineno":460}
{"timestamp":"2026-07-16T08:25:32.619015Z","level":"warning","event":"The `airflow.operators.bash.BashOperator` attribute is deprecated. Please use `'airflow.providers.standard.operators.bash.BashOperator'`.","category":"UserWarning","filename":"/opt/airflow/dags/orchestrate.py","lineno":2,"logger":"py.warnings"}
{"timestamp":"2026-07-16T08:26:02.884714Z","level":"info","event":"Filling up the DagBag from /opt/airflow/dags/orchestrate.py","logger":"airflow.dag_processing.dagbag.BundleDagBag","filename":"dagbag.py","lineno":460}
{"timestamp":"2026-07-16T08:26:02.917256Z","level":"warning","event":"The `airflow.operators.bash.BashOperator` attribute is deprecated. Please use `'airflow.providers.standard.operators.bash.BashOperator'`.","category":"UserWarning","filename":"/opt/airflow/dags/orchestrate.py","lineno":2,"logger":"py.warnings"}
{"timestamp":"2026-07-16T08:26:23.134740Z","level":"info","event":"Filling up the DagBag from /opt/airflow/dags/orchestrate.py","logger":"airflow.dag_processing.dagbag.BundleDagBag","filename":"dagbag.py","lineno":460}
{"timestamp":"2026-07-16T08:26:23.172277Z","level":"warning","event":"The `airflow.operators.bash.BashOperator` attribute is deprecated. Please use `'airflow.providers.standard.operators.bash.BashOperator'`.","category":"UserWarning","filename":"/opt/airflow/dags/orchestrate.py","lineno":2,"logger":"py.warnings"}
{"timestamp":"2026-07-16T08:26:53.486926Z","level":"info","event":"Filling up the DagBag from /opt/airflow/dags/orchestrate.py","logger":"airflow.dag_processing.dagbag.BundleDagBag","filename":"dagbag.py","lineno":460}
{"timestamp":"2026-07-16T08:26:53.518086Z","level":"warning","event":"The `airflow.operators.bash.BashOperator` attribute is deprecated. Please use `'airflow.providers.standard.operators.bash.BashOperator'`.","category":"UserWarning","filename":"/opt/airflow/dags/orchestrate.py","lineno":2,"logger":"py.warnings"}
{"timestamp":"2026-07-16T08:27:23.803320Z","level":"info","event":"Filling up the DagBag from /opt/airflow/dags/orchestrate.py","logger":"airflow.dag_processing.dagbag.BundleDagBag","filename":"dagbag.py","lineno":460}
{"timestamp":"2026-07-16T08:27:23.829550Z","level":"warning","event":"The `airflow.operators.bash.BashOperator` attribute is deprecated. Please use `'airflow.providers.standard.operators.bash.BashOperator'`.","category":"UserWarning","filename":"/opt/airflow/dags/orchestrate.py","lineno":2,"logger":"py.warnings"}
{"timestamp":"2026-07-16T08:27:27.916188Z","level":"info","event":"Filling up the DagBag from /opt/airflow/dags/orchestrate.py","logger":"airflow.dag_processing.dagbag.BundleDagBag","filename":"dagbag.py","lineno":460}
{"timestamp":"2026-07-16T08:27:27.955617Z","level":"warning","event":"The `airflow.operators.bash.BashOperator` attribute is deprecated. Please use `'airflow.providers.standard.operators.bash.BashOperator'`.","category":"UserWarning","filename":"/opt/airflow/dags/orchestrate.py","lineno":2,"logger":"py.warnings"}
{"timestamp":"2026-07-16T08:27:58.232221Z","level":"info","event":"Filling up the DagBag from /opt/airflow/dags/orchestrate.py","logger":"airflow.dag_processing.dagbag.BundleDagBag","filename":"dagbag.py","lineno":460}
{"timestamp":"2026-07-16T08:27:58.272880Z","level":"warning","event":"The `airflow.operators.bash.BashOperator` attribute is deprecated. Please use `'airflow.providers.standard.operators.bash.BashOperator'`.","category":"UserWarning","filename":"/opt/airflow/dags/orchestrate.py","lineno":2,"logger":"py.warnings"}
{"timestamp":"2026-07-16T08:28:28.561169Z","level":"info","event":"Filling up the DagBag from /opt/airflow/dags/orchestrate.py","logger":"airflow.dag_processing.dagbag.BundleDagBag","filename":"dagbag.py","lineno":460}
{"timestamp":"2026-07-16T08:28:28.592820Z","level":"warning","event":"The `airflow.operators.bash.BashOperator` attribute is deprecated. Please use `'airflow.providers.standard.operators.bash.BashOperator'`.","category":"UserWarning","filename":"/opt/airflow/dags/orchestrate.py","lineno":2,"logger":"py.warnings"}
{"timestamp":"2026-07-16T08:28:58.861438Z","level":"info","event":"Filling up the DagBag from /opt/airflow/dags/orchestrate.py","logger":"airflow.dag_processing.dagbag.BundleDagBag","filename":"dagbag.py","lineno":460}
{"timestamp":"2026-07-16T08:28:58.894569Z","level":"warning","event":"The `airflow.operators.bash.BashOperator` attribute is deprecated. Please use `'airflow.providers.standard.operators.bash.BashOperator'`.","category":"UserWarning","filename":"/opt/airflow/dags/orchestrate.py","lineno":2,"logger":"py.warnings"}
{"timestamp":"2026-07-16T08:29:29.176384Z","level":"info","event":"Filling up the DagBag from /opt/airflow/dags/orchestrate.py","logger":"airflow.dag_processing.dagbag.BundleDagBag","filename":"dagbag.py","lineno":460}
{"timestamp":"2026-07-16T08:29:29.210362Z","level":"warning","event":"The `airflow.operators.bash.BashOperator` attribute is deprecated. Please use `'airflow.providers.standard.operators.bash.BashOperator'`.","category":"UserWarning","filename":"/opt/airflow/dags/orchestrate.py","lineno":2,"logger":"py.warnings"}
{"timestamp":"2026-07-16T08:29:59.508399Z","level":"info","event":"Filling up the DagBag from /opt/airflow/dags/orchestrate.py","logger":"airflow.dag_processing.dagbag.BundleDagBag","filename":"dagbag.py","lineno":460}
{"timestamp":"2026-07-16T08:29:59.535927Z","level":"warning","event":"The `airflow.operators.bash.BashOperator` attribute is deprecated. Please use `'airflow.providers.standard.operators.bash.BashOperator'`.","category":"UserWarning","filename":"/opt/airflow/dags/orchestrate.py","lineno":2,"logger":"py.warnings"}
{"timestamp":"2026-07-16T08:30:29.820772Z","level":"info","event":"Filling up the DagBag from /opt/airflow/dags/orchestrate.py","logger":"airflow.dag_processing.dagbag.BundleDagBag","filename":"dagbag.py","lineno":460}
{"timestamp":"2026-07-16T08:30:29.852608Z","level":"warning","event":"The `airflow.operators.bash.BashOperator` attribute is deprecated. Please use `'airflow.providers.standard.operators.bash.BashOperator'`.","category":"UserWarning","filename":"/opt/airflow/dags/orchestrate.py","lineno":2,"logger":"py.warnings"}
{"timestamp":"2026-07-16T08:31:00.132219Z","level":"info","event":"Filling up the DagBag from /opt/airflow/dags/orchestrate.py","logger":"airflow.dag_processing.dagbag.BundleDagBag","filename":"dagbag.py","lineno":460}
{"timestamp":"2026-07-16T08:31:00.161116Z","level":"warning","event":"The `airflow.operators.bash.BashOperator` attribute is deprecated. Please use `'airflow.providers.standard.operators.bash.BashOperator'`.","category":"UserWarning","filename":"/opt/airflow/dags/orchestrate.py","lineno":2,"logger":"py.warnings"}
{"timestamp":"2026-07-16T08:31:30.470962Z","level":"info","event":"Filling up the DagBag from /opt/airflow/dags/orchestrate.py","logger":"airflow.dag_processing.dagbag.BundleDagBag","filename":"dagbag.py","lineno":460}
{"timestamp":"2026-07-16T08:31:30.500453Z","level":"warning","event":"The `airflow.operators.bash.BashOperator` attribute is deprecated. Please use `'airflow.providers.standard.operators.bash.BashOperator'`.","category":"UserWarning","filename":"/opt/airflow/dags/orchestrate.py","lineno":2,"logger":"py.warnings"}
{"timestamp":"2026-07-16T08:32:00.828369Z","level":"info","event":"Filling up the DagBag from /opt/airflow/dags/orchestrate.py","logger":"airflow.dag_processing.dagbag.BundleDagBag","filename":"dagbag.py","lineno":460}
{"timestamp":"2026-07-16T08:32:00.854647Z","level":"warning","event":"The `airflow.operators.bash.BashOperator` attribute is deprecated. Please use `'airflow.providers.standard.operators.bash.BashOperator'`.","category":"UserWarning","filename":"/opt/airflow/dags/orchestrate.py","lineno":2,"logger":"py.warnings"}
{"timestamp":"2026-07-16T08:32:31.155555Z","level":"info","event":"Filling up the DagBag from /opt/airflow/dags/orchestrate.py","logger":"airflow.dag_processing.dagbag.BundleDagBag","filename":"dagbag.py","lineno":460}
{"timestamp":"2026-07-16T08:32:31.183813Z","level":"warning","event":"The `airflow.operators.bash.BashOperator` attribute is deprecated. Please use `'airflow.providers.standard.operators.bash.BashOperator'`.","category":"UserWarning","filename":"/opt/airflow/dags/orchestrate.py","lineno":2,"logger":"py.warnings"}
{"timestamp":"2026-07-16T08:33:01.486027Z","level":"info","event":"Filling up the DagBag from /opt/airflow/dags/orchestrate.py","logger":"airflow.dag_processing.dagbag.BundleDagBag","filename":"dagbag.py","lineno":460}
{"timestamp":"2026-07-16T08:33:01.514249Z","level":"warning","event":"The `airflow.operators.bash.BashOperator` attribute is deprecated. Please use `'airflow.providers.standard.operators.bash.BashOperator'`.","category":"UserWarning","filename":"/opt/airflow/dags/orchestrate.py","lineno":2,"logger":"py.warnings"}
{"timestamp":"2026-07-16T08:33:31.855213Z","level":"info","event":"Filling up the DagBag from /opt/airflow/dags/orchestrate.py","logger":"airflow.dag_processing.dagbag.BundleDagBag","filename":"dagbag.py","lineno":460}
{"timestamp":"2026-07-16T08:33:31.885754Z","level":"warning","event":"The `airflow.operators.bash.BashOperator` attribute is deprecated. Please use `'airflow.providers.standard.operators.bash.BashOperator'`.","category":"UserWarning","filename":"/opt/airflow/dags/orchestrate.py","lineno":2,"logger":"py.warnings"}
{"timestamp":"2026-07-16T08:34:02.205642Z","level":"info","event":"Filling up the DagBag from /opt/airflow/dags/orchestrate.py","logger":"airflow.dag_processing.dagbag.BundleDagBag","filename":"dagbag.py","lineno":460}
{"timestamp":"2026-07-16T08:34:02.234536Z","level":"warning","event":"The `airflow.operators.bash.BashOperator` attribute is deprecated. Please use `'airflow.providers.standard.operators.bash.BashOperator'`.","category":"UserWarning","filename":"/opt/airflow/dags/orchestrate.py","lineno":2,"logger":"py.warnings"}
{"timestamp":"2026-07-16T08:34:32.540560Z","level":"info","event":"Filling up the DagBag from /opt/airflow/dags/orchestrate.py","logger":"airflow.dag_processing.dagbag.BundleDagBag","filename":"dagbag.py","lineno":460}
{"timestamp":"2026-07-16T08:34:32.567122Z","level":"warning","event":"The `airflow.operators.bash.BashOperator` attribute is deprecated. Please use `'airflow.providers.standard.operators.bash.BashOperator'`.","category":"UserWarning","filename":"/opt/airflow/dags/orchestrate.py","lineno":2,"logger":"py.warnings"}
{"timestamp":"2026-07-16T08:35:02.912996Z","level":"info","event":"Filling up the DagBag from /opt/airflow/dags/orchestrate.py","logger":"airflow.dag_processing.dagbag.BundleDagBag","filename":"dagbag.py","lineno":460}
{"timestamp":"2026-07-16T08:35:02.939748Z","level":"warning","event":"The `airflow.operators.bash.BashOperator` attribute is deprecated. Please use `'airflow.providers.standard.operators.bash.BashOperator'`.","category":"UserWarning","filename":"/opt/airflow/dags/orchestrate.py","lineno":2,"logger":"py.warnings"}
{"timestamp":"2026-07-16T08:35:33.256539Z","level":"info","event":"Filling up the DagBag from /opt/airflow/dags/orchestrate.py","logger":"airflow.dag_processing.dagbag.BundleDagBag","filename":"dagbag.py","lineno":460}
{"timestamp":"2026-07-16T08:35:33.283401Z","level":"warning","event":"The `airflow.operators.bash.BashOperator` attribute is deprecated. Please use `'airflow.providers.standard.operators.bash.BashOperator'`.","category":"UserWarning","filename":"/opt/airflow/dags/orchestrate.py","lineno":2,"logger":"py.warnings"}
{"timestamp":"2026-07-16T08:36:03.603752Z","level":"info","event":"Filling up the DagBag from /opt/airflow/dags/orchestrate.py","logger":"airflow.dag_processing.dagbag.BundleDagBag","filename":"dagbag.py","lineno":460}
{"timestamp":"2026-07-16T08:36:03.629983Z","level":"warning","event":"The `airflow.operators.bash.BashOperator` attribute is deprecated. Please use `'airflow.providers.standard.operators.bash.BashOperator'`.","category":"UserWarning","filename":"/opt/airflow/dags/orchestrate.py","lineno":2,"logger":"py.warnings"}
{"timestamp":"2026-07-16T08:36:33.949483Z","level":"info","event":"Filling up the DagBag from /opt/airflow/dags/orchestrate.py","logger":"airflow.dag_processing.dagbag.BundleDagBag","filename":"dagbag.py","lineno":460}
{"timestamp":"2026-07-16T08:36:33.983500Z","level":"warning","event":"The `airflow.operators.bash.BashOperator` attribute is deprecated. Please use `'airflow.providers.standard.operators.bash.BashOperator'`.","category":"UserWarning","filename":"/opt/airflow/dags/orchestrate.py","lineno":2,"logger":"py.warnings"}
{"timestamp":"2026-07-16T08:37:04.286566Z","level":"info","event":"Filling up the DagBag from /opt/airflow/dags/orchestrate.py","logger":"airflow.dag_processing.dagbag.BundleDagBag","filename":"dagbag.py","lineno":460}
{"timestamp":"2026-07-16T08:37:04.315477Z","level":"warning","event":"The `airflow.operators.bash.BashOperator` attribute is deprecated. Please use `'airflow.providers.standard.operators.bash.BashOperator'`.","category":"UserWarning","filename":"/opt/airflow/dags/orchestrate.py","lineno":2,"logger":"py.warnings"}
{"timestamp":"2026-07-16T08:37:34.624069Z","level":"info","event":"Filling up the DagBag from /opt/airflow/dags/orchestrate.py","logger":"airflow.dag_processing.dagbag.BundleDagBag","filename":"dagbag.py","lineno":460}
{"timestamp":"2026-07-16T08:37:34.652449Z","level":"warning","event":"The `airflow.operators.bash.BashOperator` attribute is deprecated. Please use `'airflow.providers.standard.operators.bash.BashOperator'`.","category":"UserWarning","filename":"/opt/airflow/dags/orchestrate.py","lineno":2,"logger":"py.warnings"}
{"timestamp":"2026-07-16T08:38:04.946024Z","level":"info","event":"Filling up the DagBag from /opt/airflow/dags/orchestrate.py","logger":"airflow.dag_processing.dagbag.BundleDagBag","filename":"dagbag.py","lineno":460}
{"timestamp":"2026-07-16T08:38:04.984585Z","level":"warning","event":"The `airflow.operators.bash.BashOperator` attribute is deprecated. Please use `'airflow.providers.standard.operators.bash.BashOperator'`.","category":"UserWarning","filename":"/opt/airflow/dags/orchestrate.py","lineno":2,"logger":"py.warnings"}
{"timestamp":"2026-07-16T08:38:35.294947Z","level":"info","event":"Filling up the DagBag from /opt/airflow/dags/orchestrate.py","logger":"airflow.dag_processing.dagbag.BundleDagBag","filename":"dagbag.py","lineno":460}
{"timestamp":"2026-07-16T08:38:35.328066Z","level":"warning","event":"The `airflow.operators.bash.BashOperator` attribute is deprecated. Please use `'airflow.providers.standard.operators.bash.BashOperator'`.","category":"UserWarning","filename":"/opt/airflow/dags/orchestrate.py","lineno":2,"logger":"py.warnings"}
{"timestamp":"2026-07-16T08:39:05.621872Z","level":"info","event":"Filling up the DagBag from /opt/airflow/dags/orchestrate.py","logger":"airflow.dag_processing.dagbag.BundleDagBag","filename":"dagbag.py","lineno":460}
{"timestamp":"2026-07-16T08:39:05.650921Z","level":"warning","event":"The `airflow.operators.bash.BashOperator` attribute is deprecated. Please use `'airflow.providers.standard.operators.bash.BashOperator'`.","category":"UserWarning","filename":"/opt/airflow/dags/orchestrate.py","lineno":2,"logger":"py.warnings"}
{"timestamp":"2026-07-16T08:39:23.831751Z","level":"info","event":"Filling up the DagBag from /opt/airflow/dags/orchestrate.py","logger":"airflow.dag_processing.dagbag.BundleDagBag","filename":"dagbag.py","lineno":460}
{"timestamp":"2026-07-16T08:39:23.873027Z","level":"warning","event":"The `airflow.operators.bash.BashOperator` attribute is deprecated. Please use `'airflow.providers.standard.operators.bash.BashOperator'`.","category":"UserWarning","filename":"/opt/airflow/dags/orchestrate.py","lineno":2,"logger":"py.warnings"}
{"timestamp":"2026-07-16T08:39:35.998281Z","level":"info","event":"Filling up the DagBag from /opt/airflow/dags/orchestrate.py","logger":"airflow.dag_processing.dagbag.BundleDagBag","filename":"dagbag.py","lineno":460}
{"timestamp":"2026-07-16T08:39:36.034475Z","level":"warning","event":"The `airflow.operators.bash.BashOperator` attribute is deprecated. Please use `'airflow.providers.standard.operators.bash.BashOperator'`.","category":"UserWarning","filename":"/opt/airflow/dags/orchestrate.py","lineno":2,"logger":"py.warnings"}
{"timestamp":"2026-07-16T08:40:06.319627Z","level":"info","event":"Filling up the DagBag from /opt/airflow/dags/orchestrate.py","logger":"airflow.dag_processing.dagbag.BundleDagBag","filename":"dagbag.py","lineno":460}
{"timestamp":"2026-07-16T08:40:06.351058Z","level":"warning","event":"The `airflow.operators.bash.BashOperator` attribute is deprecated. Please use `'airflow.providers.standard.operators.bash.BashOperator'`.","category":"UserWarning","filename":"/opt/airflow/dags/orchestrate.py","lineno":2,"logger":"py.warnings"}
{"timestamp":"2026-07-16T08:40:36.623611Z","level":"info","event":"Filling up the DagBag from /opt/airflow/dags/orchestrate.py","logger":"airflow.dag_processing.dagbag.BundleDagBag","filename":"dagbag.py","lineno":460}
{"timestamp":"2026-07-16T08:40:36.653358Z","level":"warning","event":"The `airflow.operators.bash.BashOperator` attribute is deprecated. Please use `'airflow.providers.standard.operators.bash.BashOperator'`.","category":"UserWarning","filename":"/opt/airflow/dags/orchestrate.py","lineno":2,"logger":"py.warnings"}
{"timestamp":"2026-07-16T08:41:06.939398Z","level":"info","event":"Filling up the DagBag from /opt/airflow/dags/orchestrate.py","logger":"airflow.dag_processing.dagbag.BundleDagBag","filename":"dagbag.py","lineno":460}
{"timestamp":"2026-07-16T08:41:06.968758Z","level":"warning","event":"The `airflow.operators.bash.BashOperator` attribute is deprecated. Please use `'airflow.providers.standard.operators.bash.BashOperator'`.","category":"UserWarning","filename":"/opt/airflow/dags/orchestrate.py","lineno":2,"logger":"py.warnings"}
{"timestamp":"2026-07-16T08:41:37.259403Z","level":"info","event":"Filling up the DagBag from /opt/airflow/dags/orchestrate.py","logger":"airflow.dag_processing.dagbag.BundleDagBag","filename":"dagbag.py","lineno":460}
{"timestamp":"2026-07-16T08:41:37.297076Z","level":"warning","event":"The `airflow.operators.bash.BashOperator` attribute is deprecated. Please use `'airflow.providers.standard.operators.bash.BashOperator'`.","category":"UserWarning","filename":"/opt/airflow/dags/orchestrate.py","lineno":2,"logger":"py.warnings"}
{"timestamp":"2026-07-16T08:42:07.587373Z","level":"info","event":"Filling up the DagBag from /opt/airflow/dags/orchestrate.py","logger":"airflow.dag_processing.dagbag.BundleDagBag","filename":"dagbag.py","lineno":460}
{"timestamp":"2026-07-16T08:42:07.617158Z","level":"warning","event":"The `airflow.operators.bash.BashOperator` attribute is deprecated. Please use `'airflow.providers.standard.operators.bash.BashOperator'`.","category":"UserWarning","filename":"/opt/airflow/dags/orchestrate.py","lineno":2,"logger":"py.warnings"}
{"timestamp":"2026-07-16T08:42:37.912413Z","level":"info","event":"Filling up the DagBag from /opt/airflow/dags/orchestrate.py","logger":"airflow.dag_processing.dagbag.BundleDagBag","filename":"dagbag.py","lineno":460}
{"timestamp":"2026-07-16T08:42:37.948952Z","level":"warning","event":"The `airflow.operators.bash.BashOperator` attribute is deprecated. Please use `'airflow.providers.standard.operators.bash.BashOperator'`.","category":"UserWarning","filename":"/opt/airflow/dags/orchestrate.py","lineno":2,"logger":"py.warnings"}
{"timestamp":"2026-07-16T08:43:08.248594Z","level":"info","event":"Filling up the DagBag from /opt/airflow/dags/orchestrate.py","logger":"airflow.dag_processing.dagbag.BundleDagBag","filename":"dagbag.py","lineno":460}
{"timestamp":"2026-07-16T08:43:08.284246Z","level":"warning","event":"The `airflow.operators.bash.BashOperator` attribute is deprecated. Please use `'airflow.providers.standard.operators.bash.BashOperator'`.","category":"UserWarning","filename":"/opt/airflow/dags/orchestrate.py","lineno":2,"logger":"py.warnings"}
{"timestamp":"2026-07-16T08:43:38.563363Z","level":"info","event":"Filling up the DagBag from /opt/airflow/dags/orchestrate.py","logger":"airflow.dag_processing.dagbag.BundleDagBag","filename":"dagbag.py","lineno":460}
{"timestamp":"2026-07-16T08:43:38.592336Z","level":"warning","event":"The `airflow.operators.bash.BashOperator` attribute is deprecated. Please use `'airflow.providers.standard.operators.bash.BashOperator'`.","category":"UserWarning","filename":"/opt/airflow/dags/orchestrate.py","lineno":2,"logger":"py.warnings"}
{"timestamp":"2026-07-16T08:43:44.679413Z","level":"info","event":"Filling up the DagBag from /opt/airflow/dags/orchestrate.py","logger":"airflow.dag_processing.dagbag.BundleDagBag","filename":"dagbag.py","lineno":460}
{"timestamp":"2026-07-16T08:43:44.723764Z","level":"warning","event":"The `airflow.operators.bash.BashOperator` attribute is deprecated. Please use `'airflow.providers.standard.operators.bash.BashOperator'`.","category":"UserWarning","filename":"/opt/airflow/dags/orchestrate.py","lineno":2,"logger":"py.warnings"}
{"timestamp":"2026-07-16T08:44:15.027923Z","level":"info","event":"Filling up the DagBag from /opt/airflow/dags/orchestrate.py","logger":"airflow.dag_processing.dagbag.BundleDagBag","filename":"dagbag.py","lineno":460}
{"timestamp":"2026-07-16T08:44:15.056435Z","level":"warning","event":"The `airflow.operators.bash.BashOperator` attribute is deprecated. Please use `'airflow.providers.standard.operators.bash.BashOperator'`.","category":"UserWarning","filename":"/opt/airflow/dags/orchestrate.py","lineno":2,"logger":"py.warnings"}
{"timestamp":"2026-07-16T08:44:45.387728Z","level":"info","event":"Filling up the DagBag from /opt/airflow/dags/orchestrate.py","logger":"airflow.dag_processing.dagbag.BundleDagBag","filename":"dagbag.py","lineno":460}
{"timestamp":"2026-07-16T08:44:45.421589Z","level":"warning","event":"The `airflow.operators.bash.BashOperator` attribute is deprecated. Please use `'airflow.providers.standard.operators.bash.BashOperator'`.","category":"UserWarning","filename":"/opt/airflow/dags/orchestrate.py","lineno":2,"logger":"py.warnings"}
{"timestamp":"2026-07-16T08:45:00.592254Z","level":"info","event":"Filling up the DagBag from /opt/airflow/dags/orchestrate.py","logger":"airflow.dag_processing.dagbag.BundleDagBag","filename":"dagbag.py","lineno":460}
{"timestamp":"2026-07-16T08:45:00.631554Z","level":"warning","event":"The `airflow.operators.bash.BashOperator` attribute is deprecated. Please use `'airflow.providers.standard.operators.bash.BashOperator'`.","category":"UserWarning","filename":"/opt/airflow/dags/orchestrate.py","lineno":2,"logger":"py.warnings"}
{"timestamp":"2026-07-16T08:45:31.087340Z","level":"info","event":"Filling up the DagBag from /opt/airflow/dags/orchestrate.py","logger":"airflow.dag_processing.dagbag.BundleDagBag","filename":"dagbag.py","lineno":460}
{"timestamp":"2026-07-16T08:45:31.186841Z","level":"warning","event":"The `airflow.operators.bash.BashOperator` attribute is deprecated. Please use `'airflow.providers.standard.operators.bash.BashOperator'`.","category":"UserWarning","filename":"/opt/airflow/dags/orchestrate.py","lineno":2,"logger":"py.warnings"}
{"timestamp":"2026-07-16T08:46:01.731731Z","level":"info","event":"Filling up the DagBag from /opt/airflow/dags/orchestrate.py","logger":"airflow.dag_processing.dagbag.BundleDagBag","filename":"dagbag.py","lineno":460}
{"timestamp":"2026-07-16T08:46:01.866268Z","level":"warning","event":"The `airflow.operators.bash.BashOperator` attribute is deprecated. Please use `'airflow.providers.standard.operators.bash.BashOperator'`.","category":"UserWarning","filename":"/opt/airflow/dags/orchestrate.py","lineno":2,"logger":"py.warnings"}
{"timestamp":"2026-07-16T08:46:32.366132Z","level":"info","event":"Filling up the DagBag from /opt/airflow/dags/orchestrate.py","logger":"airflow.dag_processing.dagbag.BundleDagBag","filename":"dagbag.py","lineno":460}
{"timestamp":"2026-07-16T08:46:32.405940Z","level":"warning","event":"The `airflow.operators.bash.BashOperator` attribute is deprecated. Please use `'airflow.providers.standard.operators.bash.BashOperator'`.","category":"UserWarning","filename":"/opt/airflow/dags/orchestrate.py","lineno":2,"logger":"py.warnings"}
{"timestamp":"2026-07-16T08:47:02.972005Z","level":"info","event":"Filling up the DagBag from /opt/airflow/dags/orchestrate.py","logger":"airflow.dag_processing.dagbag.BundleDagBag","filename":"dagbag.py","lineno":460}
{"timestamp":"2026-07-16T08:47:03.069380Z","level":"warning","event":"The `airflow.operators.bash.BashOperator` attribute is deprecated. Please use `'airflow.providers.standard.operators.bash.BashOperator'`.","category":"UserWarning","filename":"/opt/airflow/dags/orchestrate.py","lineno":2,"logger":"py.warnings"}
{"timestamp":"2026-07-16T08:47:33.626184Z","level":"info","event":"Filling up the DagBag from /opt/airflow/dags/orchestrate.py","logger":"airflow.dag_processing.dagbag.BundleDagBag","filename":"dagbag.py","lineno":460}
{"timestamp":"2026-07-16T08:47:33.709800Z","level":"warning","event":"The `airflow.operators.bash.BashOperator` attribute is deprecated. Please use `'airflow.providers.standard.operators.bash.BashOperator'`.","category":"UserWarning","filename":"/opt/airflow/dags/orchestrate.py","lineno":2,"logger":"py.warnings"}
{"timestamp":"2026-07-16T08:48:04.319755Z","level":"info","event":"Filling up the DagBag from /opt/airflow/dags/orchestrate.py","logger":"airflow.dag_processing.dagbag.BundleDagBag","filename":"dagbag.py","lineno":460}
{"timestamp":"2026-07-16T08:48:04.448009Z","level":"warning","event":"The `airflow.operators.bash.BashOperator` attribute is deprecated. Please use `'airflow.providers.standard.operators.bash.BashOperator'`.","category":"UserWarning","filename":"/opt/airflow/dags/orchestrate.py","lineno":2,"logger":"py.warnings"}
{"timestamp":"2026-07-16T08:48:35.078265Z","level":"info","event":"Filling up the DagBag from /opt/airflow/dags/orchestrate.py","logger":"airflow.dag_processing.dagbag.BundleDagBag","filename":"dagbag.py","lineno":460}
{"timestamp":"2026-07-16T08:48:35.189904Z","level":"warning","event":"The `airflow.operators.bash.BashOperator` attribute is deprecated. Please use `'airflow.providers.standard.operators.bash.BashOperator'`.","category":"UserWarning","filename":"/opt/airflow/dags/orchestrate.py","lineno":2,"logger":"py.warnings"}
{"timestamp":"2026-07-16T08:49:05.653671Z","level":"info","event":"Filling up the DagBag from /opt/airflow/dags/orchestrate.py","logger":"airflow.dag_processing.dagbag.BundleDagBag","filename":"dagbag.py","lineno":460}
{"timestamp":"2026-07-16T08:49:05.691965Z","level":"warning","event":"The `airflow.operators.bash.BashOperator` attribute is deprecated. Please use `'airflow.providers.standard.operators.bash.BashOperator'`.","category":"UserWarning","filename":"/opt/airflow/dags/orchestrate.py","lineno":2,"logger":"py.warnings"}
{"timestamp":"2026-07-16T08:49:36.184896Z","level":"info","event":"Filling up the DagBag from /opt/airflow/dags/orchestrate.py","logger":"airflow.dag_processing.dagbag.BundleDagBag","filename":"dagbag.py","lineno":460}
{"timestamp":"2026-07-16T08:49:36.326315Z","level":"warning","event":"The `airflow.operators.bash.BashOperator` attribute is deprecated. Please use `'airflow.providers.standard.operators.bash.BashOperator'`.","category":"UserWarning","filename":"/opt/airflow/dags/orchestrate.py","lineno":2,"logger":"py.warnings"}
{"timestamp":"2026-07-16T08:50:06.764506Z","level":"info","event":"Filling up the DagBag from /opt/airflow/dags/orchestrate.py","logger":"airflow.dag_processing.dagbag.BundleDagBag","filename":"dagbag.py","lineno":460}
{"timestamp":"2026-07-16T08:50:06.877860Z","level":"warning","event":"The `airflow.operators.bash.BashOperator` attribute is deprecated. Please use `'airflow.providers.standard.operators.bash.BashOperator'`.","category":"UserWarning","filename":"/opt/airflow/dags/orchestrate.py","lineno":2,"logger":"py.warnings"}
{"timestamp":"2026-07-16T08:50:37.363446Z","level":"info","event":"Filling up the DagBag from /opt/airflow/dags/orchestrate.py","logger":"airflow.dag_processing.dagbag.BundleDagBag","filename":"dagbag.py","lineno":460}
{"timestamp":"2026-07-16T08:50:37.434726Z","level":"warning","event":"The `airflow.operators.bash.BashOperator` attribute is deprecated. Please use `'airflow.providers.standard.operators.bash.BashOperator'`.","category":"UserWarning","filename":"/opt/airflow/dags/orchestrate.py","lineno":2,"logger":"py.warnings"}
{"timestamp":"2026-07-16T08:50:55.721319Z","level":"info","event":"Filling up the DagBag from /opt/airflow/dags/orchestrate.py","logger":"airflow.dag_processing.dagbag.BundleDagBag","filename":"dagbag.py","lineno":460}
{"timestamp":"2026-07-16T08:50:55.776183Z","level":"warning","event":"The `airflow.operators.bash.BashOperator` attribute is deprecated. Please use `'airflow.providers.standard.operators.bash.BashOperator'`.","category":"UserWarning","filename":"/opt/airflow/dags/orchestrate.py","lineno":2,"logger":"py.warnings"}
{"timestamp":"2026-07-16T08:51:26.440348Z","level":"info","event":"Filling up the DagBag from /opt/airflow/dags/orchestrate.py","logger":"airflow.dag_processing.dagbag.BundleDagBag","filename":"dagbag.py","lineno":460}
{"timestamp":"2026-07-16T08:51:26.563985Z","level":"warning","event":"The `airflow.operators.bash.BashOperator` attribute is deprecated. Please use `'airflow.providers.standard.operators.bash.BashOperator'`.","category":"UserWarning","filename":"/opt/airflow/dags/orchestrate.py","lineno":2,"logger":"py.warnings"}
{"timestamp":"2026-07-16T08:51:57.084773Z","level":"info","event":"Filling up the DagBag from /opt/airflow/dags/orchestrate.py","logger":"airflow.dag_processing.dagbag.BundleDagBag","filename":"dagbag.py","lineno":460}
{"timestamp":"2026-07-16T08:51:57.193092Z","level":"warning","event":"The `airflow.operators.bash.BashOperator` attribute is deprecated. Please use `'airflow.providers.standard.operators.bash.BashOperator'`.","category":"UserWarning","filename":"/opt/airflow/dags/orchestrate.py","lineno":2,"logger":"py.warnings"}
{"timestamp":"2026-07-16T08:52:27.612487Z","level":"info","event":"Filling up the DagBag from /opt/airflow/dags/orchestrate.py","logger":"airflow.dag_processing.dagbag.BundleDagBag","filename":"dagbag.py","lineno":460}
{"timestamp":"2026-07-16T08:52:27.656798Z","level":"warning","event":"The `airflow.operators.bash.BashOperator` attribute is deprecated. Please use `'airflow.providers.standard.operators.bash.BashOperator'`.","category":"UserWarning","filename":"/opt/airflow/dags/orchestrate.py","lineno":2,"logger":"py.warnings"}
{"timestamp":"2026-07-16T08:52:58.196888Z","level":"info","event":"Filling up the DagBag from /opt/airflow/dags/orchestrate.py","logger":"airflow.dag_processing.dagbag.BundleDagBag","filename":"dagbag.py","lineno":460}
{"timestamp":"2026-07-16T08:52:58.298313Z","level":"warning","event":"The `airflow.operators.bash.BashOperator` attribute is deprecated. Please use `'airflow.providers.standard.operators.bash.BashOperator'`.","category":"UserWarning","filename":"/opt/airflow/dags/orchestrate.py","lineno":2,"logger":"py.warnings"}
{"timestamp":"2026-07-16T08:53:28.685518Z","level":"info","event":"Filling up the DagBag from /opt/airflow/dags/orchestrate.py","logger":"airflow.dag_processing.dagbag.BundleDagBag","filename":"dagbag.py","lineno":460}
{"timestamp":"2026-07-16T08:53:28.736780Z","level":"warning","event":"The `airflow.operators.bash.BashOperator` attribute is deprecated. Please use `'airflow.providers.standard.operators.bash.BashOperator'`.","category":"UserWarning","filename":"/opt/airflow/dags/orchestrate.py","lineno":2,"logger":"py.warnings"}
{"timestamp":"2026-07-16T08:53:59.130665Z","level":"info","event":"Filling up the DagBag from /opt/airflow/dags/orchestrate.py","logger":"airflow.dag_processing.dagbag.BundleDagBag","filename":"dagbag.py","lineno":460}
{"timestamp":"2026-07-16T08:53:59.175076Z","level":"warning","event":"The `airflow.operators.bash.BashOperator` attribute is deprecated. Please use `'airflow.providers.standard.operators.bash.BashOperator'`.","category":"UserWarning","filename":"/opt/airflow/dags/orchestrate.py","lineno":2,"logger":"py.warnings"}
{"timestamp":"2026-07-16T08:54:29.727572Z","level":"info","event":"Filling up the DagBag from /opt/airflow/dags/orchestrate.py","logger":"airflow.dag_processing.dagbag.BundleDagBag","filename":"dagbag.py","lineno":460}
{"timestamp":"2026-07-16T08:54:29.800766Z","level":"warning","event":"The `airflow.operators.bash.BashOperator` attribute is deprecated. Please use `'airflow.providers.standard.operators.bash.BashOperator'`.","category":"UserWarning","filename":"/opt/airflow/dags/orchestrate.py","lineno":2,"logger":"py.warnings"}
{"timestamp":"2026-07-16T08:55:00.352132Z","level":"info","event":"Filling up the DagBag from /opt/airflow/dags/orchestrate.py","logger":"airflow.dag_processing.dagbag.BundleDagBag","filename":"dagbag.py","lineno":460}
{"timestamp":"2026-07-16T08:55:00.426376Z","level":"warning","event":"The `airflow.operators.bash.BashOperator` attribute is deprecated. Please use `'airflow.providers.standard.operators.bash.BashOperator'`.","category":"UserWarning","filename":"/opt/airflow/dags/orchestrate.py","lineno":2,"logger":"py.warnings"}
{"timestamp":"2026-07-16T08:55:30.822151Z","level":"info","event":"Filling up the DagBag from /opt/airflow/dags/orchestrate.py","logger":"airflow.dag_processing.dagbag.BundleDagBag","filename":"dagbag.py","lineno":460}
{"timestamp":"2026-07-16T08:55:30.860334Z","level":"warning","event":"The `airflow.operators.bash.BashOperator` attribute is deprecated. Please use `'airflow.providers.standard.operators.bash.BashOperator'`.","category":"UserWarning","filename":"/opt/airflow/dags/orchestrate.py","lineno":2,"logger":"py.warnings"}
{"timestamp":"2026-07-16T08:56:01.423574Z","level":"info","event":"Filling up the DagBag from /opt/airflow/dags/orchestrate.py","logger":"airflow.dag_processing.dagbag.BundleDagBag","filename":"dagbag.py","lineno":460}
{"timestamp":"2026-07-16T08:56:01.461813Z","level":"warning","event":"The `airflow.operators.bash.BashOperator` attribute is deprecated. Please use `'airflow.providers.standard.operators.bash.BashOperator'`.","category":"UserWarning","filename":"/opt/airflow/dags/orchestrate.py","lineno":2,"logger":"py.warnings"}
{"timestamp":"2026-07-16T08:56:31.791011Z","level":"info","event":"Filling up the DagBag from /opt/airflow/dags/orchestrate.py","logger":"airflow.dag_processing.dagbag.BundleDagBag","filename":"dagbag.py","lineno":460}
{"timestamp":"2026-07-16T08:56:31.821876Z","level":"warning","event":"The `airflow.operators.bash.BashOperator` attribute is deprecated. Please use `'airflow.providers.standard.operators.bash.BashOperator'`.","category":"UserWarning","filename":"/opt/airflow/dags/orchestrate.py","lineno":2,"logger":"py.warnings"}
{"timestamp":"2026-07-16T08:56:48.043979Z","level":"info","event":"Filling up the DagBag from /opt/airflow/dags/orchestrate.py","logger":"airflow.dag_processing.dagbag.BundleDagBag","filename":"dagbag.py","lineno":460}
{"timestamp":"2026-07-16T08:56:48.084338Z","level":"warning","event":"The `airflow.operators.bash.BashOperator` attribute is deprecated. Please use `'airflow.providers.standard.operators.bash.BashOperator'`.","category":"UserWarning","filename":"/opt/airflow/dags/orchestrate.py","lineno":2,"logger":"py.warnings"}
{"timestamp":"2026-07-16T08:57:18.382813Z","level":"info","event":"Filling up the DagBag from /opt/airflow/dags/orchestrate.py","logger":"airflow.dag_processing.dagbag.BundleDagBag","filename":"dagbag.py","lineno":460}
{"timestamp":"2026-07-16T08:57:18.425860Z","level":"warning","event":"The `airflow.operators.bash.BashOperator` attribute is deprecated. Please use `'airflow.providers.standard.operators.bash.BashOperator'`.","category":"UserWarning","filename":"/opt/airflow/dags/orchestrate.py","lineno":2,"logger":"py.warnings"}
{"timestamp":"2026-07-16T08:57:48.701954Z","level":"info","event":"Filling up the DagBag from /opt/airflow/dags/orchestrate.py","logger":"airflow.dag_processing.dagbag.BundleDagBag","filename":"dagbag.py","lineno":460}
{"timestamp":"2026-07-16T08:57:48.734683Z","level":"warning","event":"The `airflow.operators.bash.BashOperator` attribute is deprecated. Please use `'airflow.providers.standard.operators.bash.BashOperator'`.","category":"UserWarning","filename":"/opt/airflow/dags/orchestrate.py","lineno":2,"logger":"py.warnings"}
{"timestamp":"2026-07-16T08:58:19.004291Z","level":"info","event":"Filling up the DagBag from /opt/airflow/dags/orchestrate.py","logger":"airflow.dag_processing.dagbag.BundleDagBag","filename":"dagbag.py","lineno":460}
{"timestamp":"2026-07-16T08:58:19.050021Z","level":"warning","event":"The `airflow.operators.bash.BashOperator` attribute is deprecated. Please use `'airflow.providers.standard.operators.bash.BashOperator'`.","category":"UserWarning","filename":"/opt/airflow/dags/orchestrate.py","lineno":2,"logger":"py.warnings"}
{"timestamp":"2026-07-16T08:58:49.362017Z","level":"info","event":"Filling up the DagBag from /opt/airflow/dags/orchestrate.py","logger":"airflow.dag_processing.dagbag.BundleDagBag","filename":"dagbag.py","lineno":460}
{"timestamp":"2026-07-16T08:58:49.400001Z","level":"warning","event":"The `airflow.operators.bash.BashOperator` attribute is deprecated. Please use `'airflow.providers.standard.operators.bash.BashOperator'`.","category":"UserWarning","filename":"/opt/airflow/dags/orchestrate.py","lineno":2,"logger":"py.warnings"}
{"timestamp":"2026-07-16T08:59:19.682136Z","level":"info","event":"Filling up the DagBag from /opt/airflow/dags/orchestrate.py","logger":"airflow.dag_processing.dagbag.BundleDagBag","filename":"dagbag.py","lineno":460}
{"timestamp":"2026-07-16T08:59:19.712679Z","level":"warning","event":"The `airflow.operators.bash.BashOperator` attribute is deprecated. Please use `'airflow.providers.standard.operators.bash.BashOperator'`.","category":"UserWarning","filename":"/opt/airflow/dags/orchestrate.py","lineno":2,"logger":"py.warnings"}
{"timestamp":"2026-07-16T08:59:49.987793Z","level":"info","event":"Filling up the DagBag from /opt/airflow/dags/orchestrate.py","logger":"airflow.dag_processing.dagbag.BundleDagBag","filename":"dagbag.py","lineno":460}
{"timestamp":"2026-07-16T08:59:50.021100Z","level":"warning","event":"The `airflow.operators.bash.BashOperator` attribute is deprecated. Please use `'airflow.providers.standard.operators.bash.BashOperator'`.","category":"UserWarning","filename":"/opt/airflow/dags/orchestrate.py","lineno":2,"logger":"py.warnings"}
{"timestamp":"2026-07-16T09:00:20.338746Z","level":"info","event":"Filling up the DagBag from /opt/airflow/dags/orchestrate.py","logger":"airflow.dag_processing.dagbag.BundleDagBag","filename":"dagbag.py","lineno":460}
{"timestamp":"2026-07-16T09:00:20.375931Z","level":"warning","event":"The `airflow.operators.bash.BashOperator` attribute is deprecated. Please use `'airflow.providers.standard.operators.bash.BashOperator'`.","category":"UserWarning","filename":"/opt/airflow/dags/orchestrate.py","lineno":2,"logger":"py.warnings"}
{"timestamp":"2026-07-16T09:00:50.632083Z","level":"info","event":"Filling up the DagBag from /opt/airflow/dags/orchestrate.py","logger":"airflow.dag_processing.dagbag.BundleDagBag","filename":"dagbag.py","lineno":460}
{"timestamp":"2026-07-16T09:00:50.675343Z","level":"warning","event":"The `airflow.operators.bash.BashOperator` attribute is deprecated. Please use `'airflow.providers.standard.operators.bash.BashOperator'`.","category":"UserWarning","filename":"/opt/airflow/dags/orchestrate.py","lineno":2,"logger":"py.warnings"}
{"timestamp":"2026-07-16T09:01:20.945340Z","level":"info","event":"Filling up the DagBag from /opt/airflow/dags/orchestrate.py","logger":"airflow.dag_processing.dagbag.BundleDagBag","filename":"dagbag.py","lineno":460}
{"timestamp":"2026-07-16T09:01:20.977394Z","level":"warning","event":"The `airflow.operators.bash.BashOperator` attribute is deprecated. Please use `'airflow.providers.standard.operators.bash.BashOperator'`.","category":"UserWarning","filename":"/opt/airflow/dags/orchestrate.py","lineno":2,"logger":"py.warnings"}
{"timestamp":"2026-07-16T09:01:51.269007Z","level":"info","event":"Filling up the DagBag from /opt/airflow/dags/orchestrate.py","logger":"airflow.dag_processing.dagbag.BundleDagBag","filename":"dagbag.py","lineno":460}
{"timestamp":"2026-07-16T09:01:51.300169Z","level":"warning","event":"The `airflow.operators.bash.BashOperator` attribute is deprecated. Please use `'airflow.providers.standard.operators.bash.BashOperator'`.","category":"UserWarning","filename":"/opt/airflow/dags/orchestrate.py","lineno":2,"logger":"py.warnings"}
{"timestamp":"2026-07-16T09:02:21.616967Z","level":"info","event":"Filling up the DagBag from /opt/airflow/dags/orchestrate.py","logger":"airflow.dag_processing.dagbag.BundleDagBag","filename":"dagbag.py","lineno":460}
{"timestamp":"2026-07-16T09:02:21.645103Z","level":"warning","event":"The `airflow.operators.bash.BashOperator` attribute is deprecated. Please use `'airflow.providers.standard.operators.bash.BashOperator'`.","category":"UserWarning","filename":"/opt/airflow/dags/orchestrate.py","lineno":2,"logger":"py.warnings"}
{"timestamp":"2026-07-16T09:02:51.945717Z","level":"info","event":"Filling up the DagBag from /opt/airflow/dags/orchestrate.py","logger":"airflow.dag_processing.dagbag.BundleDagBag","filename":"dagbag.py","lineno":460}
{"timestamp":"2026-07-16T09:02:51.972825Z","level":"warning","event":"The `airflow.operators.bash.BashOperator` attribute is deprecated. Please use `'airflow.providers.standard.operators.bash.BashOperator'`.","category":"UserWarning","filename":"/opt/airflow/dags/orchestrate.py","lineno":2,"logger":"py.warnings"}
{"timestamp":"2026-07-16T09:03:22.423803Z","level":"info","event":"Filling up the DagBag from /opt/airflow/dags/orchestrate.py","logger":"airflow.dag_processing.dagbag.BundleDagBag","filename":"dagbag.py","lineno":460}
{"timestamp":"2026-07-16T09:03:22.535309Z","level":"warning","event":"The `airflow.operators.bash.BashOperator` attribute is deprecated. Please use `'airflow.providers.standard.operators.bash.BashOperator'`.","category":"UserWarning","filename":"/opt/airflow/dags/orchestrate.py","lineno":2,"logger":"py.warnings"}
{"timestamp":"2026-07-16T09:03:52.880360Z","level":"info","event":"Filling up the DagBag from /opt/airflow/dags/orchestrate.py","logger":"airflow.dag_processing.dagbag.BundleDagBag","filename":"dagbag.py","lineno":460}
{"timestamp":"2026-07-16T09:03:52.915560Z","level":"warning","event":"The `airflow.operators.bash.BashOperator` attribute is deprecated. Please use `'airflow.providers.standard.operators.bash.BashOperator'`.","category":"UserWarning","filename":"/opt/airflow/dags/orchestrate.py","lineno":2,"logger":"py.warnings"}
{"timestamp":"2026-07-16T09:04:23.241668Z","level":"info","event":"Filling up the DagBag from /opt/airflow/dags/orchestrate.py","logger":"airflow.dag_processing.dagbag.BundleDagBag","filename":"dagbag.py","lineno":460}
{"timestamp":"2026-07-16T09:04:23.268889Z","level":"warning","event":"The `airflow.operators.bash.BashOperator` attribute is deprecated. Please use `'airflow.providers.standard.operators.bash.BashOperator'`.","category":"UserWarning","filename":"/opt/airflow/dags/orchestrate.py","lineno":2,"logger":"py.warnings"}
{"timestamp":"2026-07-16T09:04:53.569520Z","level":"info","event":"Filling up the DagBag from /opt/airflow/dags/orchestrate.py","logger":"airflow.dag_processing.dagbag.BundleDagBag","filename":"dagbag.py","lineno":460}
{"timestamp":"2026-07-16T09:04:53.597552Z","level":"warning","event":"The `airflow.operators.bash.BashOperator` attribute is deprecated. Please use `'airflow.providers.standard.operators.bash.BashOperator'`.","category":"UserWarning","filename":"/opt/airflow/dags/orchestrate.py","lineno":2,"logger":"py.warnings"}
{"timestamp":"2026-07-16T09:05:23.932601Z","level":"info","event":"Filling up the DagBag from /opt/airflow/dags/orchestrate.py","logger":"airflow.dag_processing.dagbag.BundleDagBag","filename":"dagbag.py","lineno":460}
{"timestamp":"2026-07-16T09:05:23.961326Z","level":"warning","event":"The `airflow.operators.bash.BashOperator` attribute is deprecated. Please use `'airflow.providers.standard.operators.bash.BashOperator'`.","category":"UserWarning","filename":"/opt/airflow/dags/orchestrate.py","lineno":2,"logger":"py.warnings"}
{"timestamp":"2026-07-16T09:05:54.292561Z","level":"info","event":"Filling up the DagBag from /opt/airflow/dags/orchestrate.py","logger":"airflow.dag_processing.dagbag.BundleDagBag","filename":"dagbag.py","lineno":460}
{"timestamp":"2026-07-16T09:05:54.326119Z","level":"warning","event":"The `airflow.operators.bash.BashOperator` attribute is deprecated. Please use `'airflow.providers.standard.operators.bash.BashOperator'`.","category":"UserWarning","filename":"/opt/airflow/dags/orchestrate.py","lineno":2,"logger":"py.warnings"}
{"timestamp":"2026-07-16T09:06:24.668464Z","level":"info","event":"Filling up the DagBag from /opt/airflow/dags/orchestrate.py","logger":"airflow.dag_processing.dagbag.BundleDagBag","filename":"dagbag.py","lineno":460}
{"timestamp":"2026-07-16T09:06:24.696095Z","level":"warning","event":"The `airflow.operators.bash.BashOperator` attribute is deprecated. Please use `'airflow.providers.standard.operators.bash.BashOperator'`.","category":"UserWarning","filename":"/opt/airflow/dags/orchestrate.py","lineno":2,"logger":"py.warnings"}
{"timestamp":"2026-07-16T09:06:55.009987Z","level":"info","event":"Filling up the DagBag from /opt/airflow/dags/orchestrate.py","logger":"airflow.dag_processing.dagbag.BundleDagBag","filename":"dagbag.py","lineno":460}
{"timestamp":"2026-07-16T09:06:55.038029Z","level":"warning","event":"The `airflow.operators.bash.BashOperator` attribute is deprecated. Please use `'airflow.providers.standard.operators.bash.BashOperator'`.","category":"UserWarning","filename":"/opt/airflow/dags/orchestrate.py","lineno":2,"logger":"py.warnings"}
{"timestamp":"2026-07-16T09:07:25.380053Z","level":"info","event":"Filling up the DagBag from /opt/airflow/dags/orchestrate.py","logger":"airflow.dag_processing.dagbag.BundleDagBag","filename":"dagbag.py","lineno":460}
{"timestamp":"2026-07-16T09:07:25.418728Z","level":"warning","event":"The `airflow.operators.bash.BashOperator` attribute is deprecated. Please use `'airflow.providers.standard.operators.bash.BashOperator'`.","category":"UserWarning","filename":"/opt/airflow/dags/orchestrate.py","lineno":2,"logger":"py.warnings"}
{"timestamp":"2026-07-16T09:07:55.771166Z","level":"info","event":"Filling up the DagBag from /opt/airflow/dags/orchestrate.py","logger":"airflow.dag_processing.dagbag.BundleDagBag","filename":"dagbag.py","lineno":460}
{"timestamp":"2026-07-16T09:07:55.798884Z","level":"warning","event":"The `airflow.operators.bash.BashOperator` attribute is deprecated. Please use `'airflow.providers.standard.operators.bash.BashOperator'`.","category":"UserWarning","filename":"/opt/airflow/dags/orchestrate.py","lineno":2,"logger":"py.warnings"}
{"timestamp":"2026-07-16T09:08:26.097946Z","level":"info","event":"Filling up the DagBag from /opt/airflow/dags/orchestrate.py","logger":"airflow.dag_processing.dagbag.BundleDagBag","filename":"dagbag.py","lineno":460}
{"timestamp":"2026-07-16T09:08:26.138631Z","level":"warning","event":"The `airflow.operators.bash.BashOperator` attribute is deprecated. Please use `'airflow.providers.standard.operators.bash.BashOperator'`.","category":"UserWarning","filename":"/opt/airflow/dags/orchestrate.py","lineno":2,"logger":"py.warnings"}
{"timestamp":"2026-07-16T09:09:08.082019Z","level":"info","event":"Filling up the DagBag from /opt/airflow/dags/orchestrate.py","logger":"airflow.dag_processing.dagbag.BundleDagBag","filename":"dagbag.py","lineno":460}
{"timestamp":"2026-07-16T09:09:08.120251Z","level":"warning","event":"The `airflow.operators.bash.BashOperator` attribute is deprecated. Please use `'airflow.providers.standard.operators.bash.BashOperator'`.","category":"UserWarning","filename":"/opt/airflow/dags/orchestrate.py","lineno":2,"logger":"py.warnings"}
{"timestamp":"2026-07-16T09:09:38.422160Z","level":"info","event":"Filling up the DagBag from /opt/airflow/dags/orchestrate.py","logger":"airflow.dag_processing.dagbag.BundleDagBag","filename":"dagbag.py","lineno":460}
{"timestamp":"2026-07-16T09:09:38.454918Z","level":"warning","event":"The `airflow.operators.bash.BashOperator` attribute is deprecated. Please use `'airflow.providers.standard.operators.bash.BashOperator'`.","category":"UserWarning","filename":"/opt/airflow/dags/orchestrate.py","lineno":2,"logger":"py.warnings"}
{"timestamp":"2026-07-16T09:10:08.699162Z","level":"info","event":"Filling up the DagBag from /opt/airflow/dags/orchestrate.py","logger":"airflow.dag_processing.dagbag.BundleDagBag","filename":"dagbag.py","lineno":460}
{"timestamp":"2026-07-16T09:10:08.731521Z","level":"warning","event":"The `airflow.operators.bash.BashOperator` attribute is deprecated. Please use `'airflow.providers.standard.operators.bash.BashOperator'`.","category":"UserWarning","filename":"/opt/airflow/dags/orchestrate.py","lineno":2,"logger":"py.warnings"}
{"timestamp":"2026-07-16T09:10:39.038577Z","level":"info","event":"Filling up the DagBag from /opt/airflow/dags/orchestrate.py","logger":"airflow.dag_processing.dagbag.BundleDagBag","filename":"dagbag.py","lineno":460}
{"timestamp":"2026-07-16T09:10:39.077271Z","level":"warning","event":"The `airflow.operators.bash.BashOperator` attribute is deprecated. Please use `'airflow.providers.standard.operators.bash.BashOperator'`.","category":"UserWarning","filename":"/opt/airflow/dags/orchestrate.py","lineno":2,"logger":"py.warnings"}
{"timestamp":"2026-07-16T09:11:09.479730Z","level":"info","event":"Filling up the DagBag from /opt/airflow/dags/orchestrate.py","logger":"airflow.dag_processing.dagbag.BundleDagBag","filename":"dagbag.py","lineno":460}
{"timestamp":"2026-07-16T09:11:09.516971Z","level":"warning","event":"The `airflow.operators.bash.BashOperator` attribute is deprecated. Please use `'airflow.providers.standard.operators.bash.BashOperator'`.","category":"UserWarning","filename":"/opt/airflow/dags/orchestrate.py","lineno":2,"logger":"py.warnings"}
{"timestamp":"2026-07-16T09:11:40.000270Z","level":"info","event":"Filling up the DagBag from /opt/airflow/dags/orchestrate.py","logger":"airflow.dag_processing.dagbag.BundleDagBag","filename":"dagbag.py","lineno":460}
{"timestamp":"2026-07-16T09:11:40.040381Z","level":"warning","event":"The `airflow.operators.bash.BashOperator` attribute is deprecated. Please use `'airflow.providers.standard.operators.bash.BashOperator'`.","category":"UserWarning","filename":"/opt/airflow/dags/orchestrate.py","lineno":2,"logger":"py.warnings"}
{"timestamp":"2026-07-16T09:12:10.484993Z","level":"info","event":"Filling up the DagBag from /opt/airflow/dags/orchestrate.py","logger":"airflow.dag_processing.dagbag.BundleDagBag","filename":"dagbag.py","lineno":460}
{"timestamp":"2026-07-16T09:12:10.533394Z","level":"warning","event":"The `airflow.operators.bash.BashOperator` attribute is deprecated. Please use `'airflow.providers.standard.operators.bash.BashOperator'`.","category":"UserWarning","filename":"/opt/airflow/dags/orchestrate.py","lineno":2,"logger":"py.warnings"}
{"timestamp":"2026-07-16T09:12:40.953192Z","level":"info","event":"Filling up the DagBag from /opt/airflow/dags/orchestrate.py","logger":"airflow.dag_processing.dagbag.BundleDagBag","filename":"dagbag.py","lineno":460}
{"timestamp":"2026-07-16T09:12:41.000460Z","level":"warning","event":"The `airflow.operators.bash.BashOperator` attribute is deprecated. Please use `'airflow.providers.standard.operators.bash.BashOperator'`.","category":"UserWarning","filename":"/opt/airflow/dags/orchestrate.py","lineno":2,"logger":"py.warnings"}
{"timestamp":"2026-07-16T09:13:11.529404Z","level":"info","event":"Filling up the DagBag from /opt/airflow/dags/orchestrate.py","logger":"airflow.dag_processing.dagbag.BundleDagBag","filename":"dagbag.py","lineno":460}
{"timestamp":"2026-07-16T09:13:11.576546Z","level":"warning","event":"The `airflow.operators.bash.BashOperator` attribute is deprecated. Please use `'airflow.providers.standard.operators.bash.BashOperator'`.","category":"UserWarning","filename":"/opt/airflow/dags/orchestrate.py","lineno":2,"logger":"py.warnings"}
{"timestamp":"2026-07-16T09:13:41.994923Z","level":"info","event":"Filling up the DagBag from /opt/airflow/dags/orchestrate.py","logger":"airflow.dag_processing.dagbag.BundleDagBag","filename":"dagbag.py","lineno":460}
{"timestamp":"2026-07-16T09:13:42.036057Z","level":"warning","event":"The `airflow.operators.bash.BashOperator` attribute is deprecated. Please use `'airflow.providers.standard.operators.bash.BashOperator'`.","category":"UserWarning","filename":"/opt/airflow/dags/orchestrate.py","lineno":2,"logger":"py.warnings"}
{"timestamp":"2026-07-16T09:14:12.453311Z","level":"info","event":"Filling up the DagBag from /opt/airflow/dags/orchestrate.py","logger":"airflow.dag_processing.dagbag.BundleDagBag","filename":"dagbag.py","lineno":460}
{"timestamp":"2026-07-16T09:14:12.501195Z","level":"warning","event":"The `airflow.operators.bash.BashOperator` attribute is deprecated. Please use `'airflow.providers.standard.operators.bash.BashOperator'`.","category":"UserWarning","filename":"/opt/airflow/dags/orchestrate.py","lineno":2,"logger":"py.warnings"}
{"timestamp":"2026-07-16T09:14:42.986771Z","level":"info","event":"Filling up the DagBag from /opt/airflow/dags/orchestrate.py","logger":"airflow.dag_processing.dagbag.BundleDagBag","filename":"dagbag.py","lineno":460}
{"timestamp":"2026-07-16T09:14:43.048926Z","level":"warning","event":"The `airflow.operators.bash.BashOperator` attribute is deprecated. Please use `'airflow.providers.standard.operators.bash.BashOperator'`.","category":"UserWarning","filename":"/opt/airflow/dags/orchestrate.py","lineno":2,"logger":"py.warnings"}
{"timestamp":"2026-07-16T09:15:13.528221Z","level":"info","event":"Filling up the DagBag from /opt/airflow/dags/orchestrate.py","logger":"airflow.dag_processing.dagbag.BundleDagBag","filename":"dagbag.py","lineno":460}
{"timestamp":"2026-07-16T09:15:13.568838Z","level":"warning","event":"The `airflow.operators.bash.BashOperator` attribute is deprecated. Please use `'airflow.providers.standard.operators.bash.BashOperator'`.","category":"UserWarning","filename":"/opt/airflow/dags/orchestrate.py","lineno":2,"logger":"py.warnings"}
{"timestamp":"2026-07-16T09:15:44.003968Z","level":"info","event":"Filling up the DagBag from /opt/airflow/dags/orchestrate.py","logger":"airflow.dag_processing.dagbag.BundleDagBag","filename":"dagbag.py","lineno":460}
{"timestamp":"2026-07-16T09:15:44.040505Z","level":"warning","event":"The `airflow.operators.bash.BashOperator` attribute is deprecated. Please use `'airflow.providers.standard.operators.bash.BashOperator'`.","category":"UserWarning","filename":"/opt/airflow/dags/orchestrate.py","lineno":2,"logger":"py.warnings"}
{"timestamp":"2026-07-16T09:16:14.505330Z","level":"info","event":"Filling up the DagBag from /opt/airflow/dags/orchestrate.py","logger":"airflow.dag_processing.dagbag.BundleDagBag","filename":"dagbag.py","lineno":460}
{"timestamp":"2026-07-16T09:16:14.552136Z","level":"warning","event":"The `airflow.operators.bash.BashOperator` attribute is deprecated. Please use `'airflow.providers.standard.operators.bash.BashOperator'`.","category":"UserWarning","filename":"/opt/airflow/dags/orchestrate.py","lineno":2,"logger":"py.warnings"}
{"timestamp":"2026-07-16T09:16:45.000213Z","level":"info","event":"Filling up the DagBag from /opt/airflow/dags/orchestrate.py","logger":"airflow.dag_processing.dagbag.BundleDagBag","filename":"dagbag.py","lineno":460}
{"timestamp":"2026-07-16T09:16:45.043165Z","level":"warning","event":"The `airflow.operators.bash.BashOperator` attribute is deprecated. Please use `'airflow.providers.standard.operators.bash.BashOperator'`.","category":"UserWarning","filename":"/opt/airflow/dags/orchestrate.py","lineno":2,"logger":"py.warnings"}
{"timestamp":"2026-07-16T09:17:15.505758Z","level":"info","event":"Filling up the DagBag from /opt/airflow/dags/orchestrate.py","logger":"airflow.dag_processing.dagbag.BundleDagBag","filename":"dagbag.py","lineno":460}
{"timestamp":"2026-07-16T09:17:15.554063Z","level":"warning","event":"The `airflow.operators.bash.BashOperator` attribute is deprecated. Please use `'airflow.providers.standard.operators.bash.BashOperator'`.","category":"UserWarning","filename":"/opt/airflow/dags/orchestrate.py","lineno":2,"logger":"py.warnings"}
{"timestamp":"2026-07-16T09:17:46.037256Z","level":"info","event":"Filling up the DagBag from /opt/airflow/dags/orchestrate.py","logger":"airflow.dag_processing.dagbag.BundleDagBag","filename":"dagbag.py","lineno":460}
{"timestamp":"2026-07-16T09:17:46.091746Z","level":"warning","event":"The `airflow.operators.bash.BashOperator` attribute is deprecated. Please use `'airflow.providers.standard.operators.bash.BashOperator'`.","category":"UserWarning","filename":"/opt/airflow/dags/orchestrate.py","lineno":2,"logger":"py.warnings"}
{"timestamp":"2026-07-16T09:18:16.640791Z","level":"info","event":"Filling up the DagBag from /opt/airflow/dags/orchestrate.py","logger":"airflow.dag_processing.dagbag.BundleDagBag","filename":"dagbag.py","lineno":460}
{"timestamp":"2026-07-16T09:18:16.712191Z","level":"warning","event":"The `airflow.operators.bash.BashOperator` attribute is deprecated. Please use `'airflow.providers.standard.operators.bash.BashOperator'`.","category":"UserWarning","filename":"/opt/airflow/dags/orchestrate.py","lineno":2,"logger":"py.warnings"}
{"timestamp":"2026-07-16T09:18:47.192729Z","level":"info","event":"Filling up the DagBag from /opt/airflow/dags/orchestrate.py","logger":"airflow.dag_processing.dagbag.BundleDagBag","filename":"dagbag.py","lineno":460}
{"timestamp":"2026-07-16T09:18:47.243476Z","level":"warning","event":"The `airflow.operators.bash.BashOperator` attribute is deprecated. Please use `'airflow.providers.standard.operators.bash.BashOperator'`.","category":"UserWarning","filename":"/opt/airflow/dags/orchestrate.py","lineno":2,"logger":"py.warnings"}
{"timestamp":"2026-07-16T09:19:17.777717Z","level":"info","event":"Filling up the DagBag from /opt/airflow/dags/orchestrate.py","logger":"airflow.dag_processing.dagbag.BundleDagBag","filename":"dagbag.py","lineno":460}
{"timestamp":"2026-07-16T09:19:17.829560Z","level":"warning","event":"The `airflow.operators.bash.BashOperator` attribute is deprecated. Please use `'airflow.providers.standard.operators.bash.BashOperator'`.","category":"UserWarning","filename":"/opt/airflow/dags/orchestrate.py","lineno":2,"logger":"py.warnings"}
{"timestamp":"2026-07-16T09:19:48.265913Z","level":"info","event":"Filling up the DagBag from /opt/airflow/dags/orchestrate.py","logger":"airflow.dag_processing.dagbag.BundleDagBag","filename":"dagbag.py","lineno":460}
{"timestamp":"2026-07-16T09:19:48.306838Z","level":"warning","event":"The `airflow.operators.bash.BashOperator` attribute is deprecated. Please use `'airflow.providers.standard.operators.bash.BashOperator'`.","category":"UserWarning","filename":"/opt/airflow/dags/orchestrate.py","lineno":2,"logger":"py.warnings"}
{"timestamp":"2026-07-16T12:20:00.736713Z","level":"info","event":"Filling up the DagBag from /opt/airflow/dags/orchestrate.py","logger":"airflow.dag_processing.dagbag.BundleDagBag","filename":"dagbag.py","lineno":460}
{"timestamp":"2026-07-16T12:20:00.786091Z","level":"warning","event":"The `airflow.operators.bash.BashOperator` attribute is deprecated. Please use `'airflow.providers.standard.operators.bash.BashOperator'`.","category":"UserWarning","filename":"/opt/airflow/dags/orchestrate.py","lineno":2,"logger":"py.warnings"}
